{
    "HELLO": "Hola!",
    "PUBLIC": {
        "STEP_PREV": "Paso anterior",
        "STEP_NEXT": "Paso siguiente",
        "Y": "Sí",
        "N": "No",
        "YES": "Ok",
        "CANCEL": "Cancelar",
        "ADD": "Agregar",
        "SAVE_OK": "¡Guardado con éxito!",
        "ADDTO": "Agregar",
        "NEW": "Nuevo",
        "EDIT": "Editar",
        "DONE": "Hecho",
        "SAVE": "Guardar",
        "OPEN": "Abrir",
        "SEND": "Enviar",
        "BACK": "Volver",
        "RESET": "Reiniciar",
        "SECOND": "s",
        "WAITING": "Espere…",
        "LOADING": "Cargando…",
        "LOADING_FAILED": "¡Error al enviar, intente de nuevo!",
        "CHECK_NETWORK": "¡Operación fallida, verifique la red!",
        "RENAME": "Renombrar",
        "SEND_FAILED": "¡Error al enviar, intente de nuevo!",
        "SEND_OK": "¡Enviado con éxito!",
        "SAVE_FAILED": "¡Error al guardar, intente de nuevo!",
        "COPY": "Copiar",
        "DELETE": "Eliminar",
        "UPDATE": "Actualizar",
        "DELETE_OK": "¡Eliminado con éxito!",
        "DELETE_FAILED": "¡Error al eliminar, intente de nuevo!",
        "SELECTED": "Elegir",
        "TIPS": "Indicaciones",
        "CONFIRM": "Confirme",
        "CONFIRM_DELETE": "¿Está seguro de eliminar?",
        "CONFIRM_TIPS": "¿Está seguro?",
        "CONFIRM_SAVE": "¿Quiere guardar los cambios?",
        "SETTING_OK": "¡Configurado con éxito!",
        "COINS": "Moneda",
        "ONLINE": "Conectado",
        "OFFLINE": "Desconectado",
        "CHECKALL": "Elegir todo",
        "UPLOAD": "Subir",
        "DETAIL": "Detalles",
        "HELP": "Ayuda",
        "HELP_TIP": "Consejos",
        "EMPTY_TIP": "Aún no hay datos, haga clic en la esquina superior derecha \\\"+\\\" para agregar",
        "EMPTY": "Aún no hay datos",
        "OK": "OK",
        "RENAME_TITLE": "Modificar nombre",
        "NOSAVE": "No guardar",
        "CREATE_TIME": "Tiempo de creación",
        "UPLOAD_OK": "Subido con éxito!",
        "RES_FAILED": "No se pudo cargar el recurso. ¡Inténtalo de nuevo!",
        "GOTO_SETTING": "Configurar",
        "MODIFY": "modificar",
        "LANDSCAPE": "Horizontal",
        "PORTRAIT": "Vertical",
        "NET_DISCONNECT": "La red de telefonía móvil está desconectada, ¡compruebe la red de telefonía móvil!",
        "WIFI_DISCONNECT": "El WIFI del teléfono móvil está desconectado, ¡compruebe el WIFI del teléfono móvil!",
        "PERMISSION_TIP": "Como no tiene permiso, ¡no podrá continuar con las operaciones!",
        "CLOSE": "Desactivar",
        "ENABLE": "Activar",
        "LAST_PAGE": "Es la última página.",
        "PREVIEW": "Previsualización",
        "DEFAULT": "",
        "MORE": "Más",
        "CLEAR": "Limpiar"
    },
    "PUBLISH": {
        "TITLE": "Reproducir",
        "BTN_PUBLISH": "Publicar",
        "DEVICE_PREVIEW_TITLE": "Elegir vista previa del dispositivo",
        "LIST_TITLE": "Lista de reproducción",
        "LIST_NODATA": "Cree su primera lista de reproducción ahora",
        "LIST_ADD_TITLE": "Crear lista de reproducción",
        "LIST_TOTAL_TIME": "Duración de la lista de reproducción: {{time}}s",
        "LIST_EMPTY": "Sin lista de reproducción, haga clic en el botón \"+\" para crear",
        "LIST_DETAIL_EMPTY": "Sin el contenido elegido, haga clic en \"+\" para agregar",
        "DEVICE_TITLE": "Estado de dispositivo",
        "DEVICE_NODATA": "Agregue su primer dispositivo ahora",
        "DETAIL_LAST": "Finalmente publicado por",
        "DETAIL_LAST_TIME": "Publicado en:",
        "DETAIL_TITLE_LIST": "Lista de reproducción actual",
        "DETAIL_TITLE_SCHEDULE": "Horario de reproducción actual",
        "DEVICE_STATE_TITLE": "Estado de reproducción",
        "DETAIL_EMPTY": "Sin información de reproducción",
        "PUSH_PREVIEW": "Vista previa",
        "PUSH_SEND": "Empujar",
        "PUSH_STEP1": "Elegir dispositivo",
        "PUSH_STEP2": "Elegir lista de reproducción",
        "PUSH_STEP3": "Empujar",
        "PUSH_DEVICE_MODE": "Lista de grupo",
        "PUSH_TAB_PROGRAM": "Reproducir por lista de reproducción",
        "PUSH_TAB_SCHEDULE": "Reproducir por horario",
        "PUSH_PLAY_TYPE": "Modo de reproducción",
        "PUSH_ALLTIME": "Reproducción en bucle",
        "PUSH_ONETIME": "Reproducción de una vez",
        "PUSH_OK": "Publicado con éxito",
        "PUSH_FAILED": "¡Publicación fallida, intente de nuevo!",
        "PUSH_STATUS_OK": "Empujado con éxito",
        "PUSH_STATUS_FAILED": "Empuje fallido",
        "PUSH_STATUS_OFFLINE": "Dispositivo desconectado",
        "PUSH_STATUS_WAIT": "Empuje pendiente",
        "PUSH_LIST_EMPTY": "Sin lista de reproducción, cree primero",
        "PUSH_DEVICE_EMPTY": "Aún no hay dispositivos",
        "PUSH_SCHEDULE_MSG": "Elija el color del modelo y márquelo en el calendario",
        "SCHEDULE_TIPS": "1. Haga clic en el color de modelo diario para marcarlo en el calendario. <br> 2. Cambie el color de modelo diario para volver a marcar en el calendario. <br> 3. Deslice en el calendario para marcar los colores por lotes. <br> 4. Desmarque el modelo diario o haga clic en el calendario para desmarcar. <br> 5. Haga clic en el botón Configuración para modificar o agregar más modelos diarios.",
        "LIST_NAME_LIMIT": "El nombre del programa debe tener entre 2 y 30 caracteres.",
        "DEVICE_LIST_EMPTY": "Sin dispositivo de reproducción, haga clic en \"+\" en la esquina superior derecha para agregar un dispositivo",
        "PUSH_TITLE": "Publicar",
        "ADD_PROGRAM_NAME": "Nombre del programa",
        "ADD_PROGRAM_SCREEN_ORIENTATION": "Método de costura de pantalla",
        "ADD_PROGRAM_SCREEN_NUM": "Número de costuras de pantalla",
        "ADD_PROGRAM_SCREEN_NUM_TIP": "Seleccione el número de costura de pantalla",
        "DETAIL_RATIO": "Solicitud ilegal",
        "PUSH_TAB_PLAYLIST": "Por programa."
    },
    "DAYMODEL": {
        "NODATA": "Cree su primer modo diario ahora",
        "TITLE": "Modo diario",
        "NODATA_LIST": "<b>{{name}}</b> sin lista de reproducción en el modo diario, ¿agregar ahora?",
        "MAX_LIMIT": "El número de modo diario ha alcanzado un límite superior",
        "NODATA_DETAIL": "Sin modo diario",
        "EDIT_DEFAULT_TITLE": "Lista de reproducción predeterminada",
        "EDIT_CHOOSE": "Elegir lista de reproducción",
        "NAME_EXISTS": "El nombre ya existe",
        "NAME_EMPTY": "El nombre no puede estar vacío",
        "ISUSE": "Este modo diario ya está en uso",
        "ITEM_INCOMPLETE": "El ítem {{item}} está incompleto",
        "ITEM_NO_PLAYLIST": "Elija la lista de reproducción del ítem {{item}}",
        "ITEM_NO_TIMESLOT": "Establezca el horario del ítem {{item}}",
        "ITEM_ETIME_GT_STIME": "La hora de finalización debe ser posterior a la hora de inicio para el ítem {{item}}",
        "ITEM_STIME_LT_ETIME": "La hora de inicio debe ser anterior a la hora de finalización para el ítem {{item}}",
        "ITEM_TIME_OVERLAP": "Superposición de tiempo para el ítem {{item}}",
        "ITEM_TIME_EXIST": "Conflicto de tiempo para el ítem {{item}}",
        "ITEM_MAX_LIMIT": "El número de líneas de tiempo ha alcanzado el límite superior",
        "NAME_TOLONG": "El nombre del modo diario puede tener hasta {{num}} caracteres",
        "ADD_TITLE": "Ingrese el nombre del nuevo modo",
        "ADD_TITLE_MSG": "La longitud del nombre del modo diario debe ser de 2 a 20 caracteres"
    },
    "CONTENT": {
        "TITLE": "Contenido",
        "USER_TITLE": "Privado",
        "PUBLIC_TITLE": "Público",
        "VIDEO_UPLOAD": "Subir video",
        "PROGRAM_TITLE": "Medios de comunicación",
        "MATERIAL_TITLE": "Galería",
        "SELECTOR_TITLE": "Medios revisados",
        "SELECTOR_DIY_TITLE": "Mi DIY",
        "TPL_AUDIT1": "Revisión pendiente",
        "TPL_AUDIT2": "Primera revisión fallida",
        "TPL_AUDIT3": "Primera revisión pasada",
        "TPL_AUDIT4": "Revisión final fallida",
        "TPL_AUDIT5": "Revisión final pasada",
        "UPLOAD_VIDEO_TITLE": "Subir video",
        "UPLOAD_VIDEO_NAME": "Nombre de video",
        "UPLOAD_TEXT_TIP": "Ingrese un nombre de video",
        "UPLOAD_BTN_VIDEO": "Elegir video",
        "UPLOAD_BTN": "Subir",
        "UPLOAD_ING": "Subiendo ({{num}}%)...",
        "EMPTY_DATA": "Sin datos, haga un medio o personalice algunos medios en la tienda primero",
        "EMPTY_MATERIAL_DATA": "Sin datos, compre galería en la tienda primero",
        "USER_MATERIAL": "Mi galería",
        "PUBLIC_MATERIAL": "Galería pública",
        "UPLOAD_VIDEO_LIMIT": "El video subido debe ser dentro de los 20M",
        "UPLOAD_IMAGE_TITLE": "Subir imagen",
        "UPLOAD_IMAGE_PNG": "Subir imagen transparente PNG",
        "REMARK_TIP": "Ingrese la descripción de nota del pedido",
        "UPLOAD_ORDER_CUTOUT": "Imagen original de recorte",
        "UPLOAD_IMAGE_ORDER": "Subir pedido de recorte",
        "UPLOAD_IMAGE": "Subir imagen",
        "UPLOAD_ORDER_TITLE": "Confirmación del pedido de recorte",
        "UPLOAD_VIDEO_SIZE": "Tamaño del video",
        "UPLOAD_ORDER_CONFIRM": "¿Quieres crear un pedido?",
        "UPLOAD_ORDER_CONFIRM_PAY": "¿Seguro que quieres deducir 1 N de monedas para el pago?",
        "UPLOAD_RESELECT": "Re-subir",
        "SUPPORTED_EXT": "Cargue el formato de imagen PNG, JPEG",
        "DIY_TITLE": "Espectáculo DIY",
        "VIDEO_TITLE": "Video show",
        "USER_VIDEO": "Mis videos",
        "PUBLIC_VIDEO": "Video de la empresa",
        "SCREEN_NUM": "{{num}} pantalla",
        "VIDEO_SCREEN_EDIT": "Modificar atributos",
        "CONTENTS_TITLE": "Medios de comunicación"
    },
    "STORE": {
        "TAB_ALL": "Todos",
        "TAB_VID": "Video",
        "TAB_CUS": "Personalizar",
        "TAB_DIY": "DIY",
        "TAB_TEXT": "Texto",
        "TAB_ANIM": "Animación",
        "SEARCH_TIP": "Buscar",
        "LIST_VIDEO_BASE": "Video estándar",
        "LIST_VIDEO_CUS": "Video personalizado",
        "LIST_TEXT_BASE": "Texto estándar",
        "LIST_TEXT_CUS": "Texto personalizado",
        "FILTER_TITLE": "Filtro",
        "PRICE": "Precio",
        "PRICE_FREE": "Gratis",
        "PRICE_MIN": "El precio más bajo",
        "PRICE_MAX": "El precio más alto",
        "PRICE_WANING": "El precio más alto no puede ser inferior al precio más bajo",
        "SAVE_TYPE_SELECT": "Elija el atributo de medio del video personalizado",
        "BUY_SUCCESS": "Su pedido se procesó correctamente, el video del número de pedido {{sn}} se ha copiado a su medio",
        "BUY_ORDER_CANCEL": "Se ha creado el número de pedido # {{sn}}, puede ir al Centro de Cuentas> Pedido para pagar",
        "BUY_ORDER_SUCCESS": "El pedido se envió correctamente, el número de pedido es # {{sn}}, vaya a Cuenta> Pedido para rastrear el estado de producción del pedido",
        "BUY_PURCHASED": "El medio ya existe en el pedido, verifique en Cuenta> Pedido",
        "BUY_BALANCE_INSUFFICIENT": "El saldo es insuficiente, recargue primero",
        "EMPTY_DATA": "Sin datos, agregue el material en el editor DIY",
        "BUY_TYPE_FALSE": "Comprar como público",
        "TAB_PIC": "Imagen",
        "BUY_TYPE_TRUE": "Comprar como privado",
        "DETAIL_BTN_CUS": "Personalizar",
        "DETAIL_BTN_PREVIEW": "Vista previa",
        "DETAIL_BTN_DIY": "DIY",
        "DETAIL_BTN_ORDER": "Detalles del pedido",
        "DETAIL_BTN_ORGIMG": "Explore la imagen original",
        "DETAIL_BTN_CUT": "Servicio de mapeo",
        "DETAIL_BTN_BUY": "Compra",
        "DETAIL_TO_STORE": "Abierto a la tienda",
        "DETAIL_NOPAY": "Pendiente",
        "DETAIL_COLLECTED": "Favorito",
        "DETAIL_BOUGHT": "Comprado",
        "DETAIL_BTN_FAV": "Favorito",
        "DESIGNER": "Diseñador",
        "INPUT_TEXT_TIP": "Cada texto personalizado debe tener 1-16 dígitos de longitud",
        "INPUT_IMAGE_TIP": "Por favor seleccione una imagen para reemplazar",
        "DETAIL_BTN_DESIMG": "Vista previa Recorte",
        "TAB_BGROUND": "Fondo"
    },
    "H5EDITOR": {
        "TITLE": "DIY",
        "NO_PERMISSION": "Sin permiso para guardar, comuníquese con su administrador",
        "SLIDER_EMPTY": "Agregue contenido a la diapositiva",
        "NAV_ADD_TEXT": "Agregar texto",
        "POP_ITEM_TXT": "Editar texto",
        "POP_ITEM_DUP": "Copiar",
        "POP_ITEM_FULL": "Tiling",
        "POP_ITEM_BTF": "Mover al frente",
        "POP_ITEM_BTB": "Mover al final",
        "POP_ITEM_LOC": "Bloquear",
        "POP_ITEM_ULO": "Desbloquear",
        "POP_ITEM_DEL": "Eliminar",
        "SAVE_TITLE": "Guardar medio",
        "SAVE_TYPE": "Elija método de guardar",
        "SELECTOR_TAB_BOUGHT": "Pagado",
        "SELECTOR_TAB_FAV": "Favoritos",
        "NAV_ADD_IMAGE": "Agregar desde la tienda",
        "NAV_ADD_USER": "Agregar desde la galería",
        "SAVE_SUBTITLE": "Ingrese nombre para guardar",
        "SELECTOR_STORE": "Galería de tienda",
        "SELECTOR_USER2": "Mi galería",
        "SELECTOR_TAB_MY": "Privado",
        "SELECTOR_TAB_PUB": "Público",
        "START_RECENT": "DIY reciente",
        "START_MORE": "Más",
        "EMPTY_RECENT": "Aún no hay historial, haz clic en el botón para comenzar a hacer bricolaje ...",
        "START_DIY": "Comience DIY",
        "OBJECTS_LIMIT": "Solo puedes agregar hasta {{num}} clips",
        "SELECT_VIDEO_TITLE": "Seleccionar video",
        "SELECT_PICTURE_TITLE": "Seleccionar foto",
        "ADD_VIDEO": "estilo de video",
        "ADD_SLIDE": "estilo de diapositiva",
        "ADD_DIY": "estilo libre",
        "NO_SLIDES": "Todavía no ha agregado ningún material",
        "BTN_ADD_TEXT": "Añadir texto",
        "BTN_EDITOR": "Edición de material",
        "SELECTOR_USER1": "Galería de fondos",
        "ADD_CONTENT": "Crea programas DIY",
        "SELECT_SCREEN": "Seleccione un tipo de pantalla",
        "SLIDE_TITLE": "Diapositivas",
        "SLIDE_TOTAL_TIME": "Tiempo total de presentación",
        "SLIDE_PLAY": "Vista previa de presentar",
        "SLIDE_TRANS_SELECT": "Seleccione un efecto de transición",
        "SLIDE_THUNMP_TIP": "Haga clic en [tijeras] para capturar la imagen de portada durante la presentación",
        "BTN_ADD_IMAGE": "Agregar fotos",
        "BTN_BACKGROUD": "Ajuste de fondo",
        "BTN_TIMELINE": "Tiempo de presentación",
        "BTN_PREVIEW": "Vista previa",
        "PLAYER_TITLE": "Vista previa de presentar",
        "PREVIEW_TITLE": "Presenta en el dispositivo",
        "PLAYED_HIDE": "Juega una vez escondido",
        "POP_ITEM_NOFULL": "Original",
        "ADD_SCROLL": "Crear texto de acción",
        "BTN_SPRITE": "Añadir material",
        "BTN_SLIDERS": "Página diapositiva"
    },
    "EDITOR_TEXT": {
        "TAB_TYPEFACE": "Fuente",
        "TAB_ANIMATION": "Animación",
        "TAB_EFFECT": "Efecto",
        "FONT_SIZE": "Tamaño de fuente",
        "INPUT_TOLONG": "La longitud del carácter debe estar dentro de {{num}}",
        "INPUT_TITLE": "Ingrese el texto",
        "TITLE": "Texto",
        "SHADOW_COLOR": "Color de la sombra",
        "OUTLINE": "Ahuecar",
        "BORDER_COLOR": "Color del borde",
        "BORDER_WIDTH": "Ancho del borde",
        "BORDER_BACKGROUND": "Fondo del borde",
        "BORDER_DOTTED": "Línea punteada",
        "BORDER_SOLID": "Línea continua",
        "TEXT_SCATTER": "Dispersión de texto",
        "PLAY_1TIMES": "Reproducir 1 vez",
        "PLAY_2TIMES": "Reproducir 2 veces",
        "PLAY_3TIMES": "Reproducir 3 veces",
        "PLAY_4TIMES": "Reproducir 4 veces",
        "PLAY_REPEAT": "Repetir",
        "ANIM_IN": "Entrar",
        "ANIM_FLYIN": "Volar en",
        "ANIM_OUTIN": "Entrar y salir",
        "ANIM_FLIP": "Voltear",
        "ANIM_ROLLED": "Rodar",
        "ANIM_ROTATE": "Rotar",
        "ANIM_SWING": "Oscilar",
        "ANIM_JUMP": "Saltar",
        "ANIM_PRINT": "Imprimir",
        "ANIM_ZOOM": "Zoom",
        "ANIM_LEFT_BOUNCE": "Rebote a la izquierda",
        "ANIM_DROP_BOUNCE": "Rebote de caída",
        "ANIM_EMPTY": "Sin animación",
        "FONT_SELECT_TITLE": "Elige fuente",
        "TAB_TEXT": "Texto",
        "FONT_TEXT": "Contenido del texto",
        "FONT_STYLE": "Estilo de fuente",
        "ALPHA": "Transparencia",
        "TEXT_PLAYTIMES": "Tiempos de animación",
        "TEXT_MOVE": "Movimiento de texto",
        "MOVE_SPEEK_FAST": "Rápido",
        "MOVE_SPEEK_SLOW": "Lento",
        "SPRITE_TITLE": "Edición de material",
        "GRADIENT": "Tipo de gradiente",
        "GRADIENT_NO": "Sin gradiente",
        "GRADIENT_YES": "Presione para establecer el gradiente",
        "GRADIENT_RAND": "Gradiente aleatorio",
        "FONT_SPACE": "Intervalo de caracteres",
        "FONT_MOVE_STYLE": "Dirección de estilo",
        "TEXT_MOVE_SPEED": "Velocidad",
        "MOVE_SPEEK_SLOWEST": "Más lento",
        "MOVE_SPEEK_STANDARD": "Velocidad normal",
        "MOVE_SPEEK_FASTEST": "Más rápido",
        "TEXT_SCROLL_TYPE": "Tipo de desplazamiento",
        "TEXT_SCROLL_ONCE": "Una vez",
        "TEXT_SCROLL_LOOP": "Circulación",
        "TEXT_SCROLL_LINK": "Acoplamiento de cabecera",
        "TEXT_SCROLL_NUM": "Número de ciclos",
        "TEXT_SCROLL_NUMTIP": "El número de ciclos debe ser superior a cero.",
        "TEXT_SCROLL_TIMETIP": "Ciclo de acoplamiento inicial inferior a 100"
    },
    "EDITOR_IMAGE": {
        "TITLE": "Edición de imagen",
        "NAV_CHOOSE": "Elegir",
        "NAV_ROTATE": "Rotar",
        "NAV_MAGIC": "Recortar",
        "NAV_CORP": "Cortar",
        "NAV_FLIP": "Espejo",
        "NAV_YES": "Sí",
        "NAV_COLOR": "Cuentagotas",
        "NAV_TOLERANCE": "Tolerancia",
        "NAV_UNDO": "Deshacer",
        "NAV_REDO": "Rehacer",
        "NAV_REMOVE": "Eliminar",
        "NAV_CUT": "Cortar",
        "NAV_FROM_ALBUM": "Del álbum",
        "NAV_FROM_CAMERA": "Cámara",
        "NAV_FROM_TRANS": "Elegir PNG transparente",
        "ALERT_PICTURE": "Elija o tome fotos",
        "ALERT_NOEDIT": "No se editaron imágenes",
        "ALERT_COLOR": "Haga clic en la imagen para elegir el color",
        "ALERT_REQUIRED_CUT": "El ancho y alto de la imagen son mayores que {{width}}x{{height}}, córtela"
    },
    "ACCOUNT": {
        "NICKNAME": "Nombre",
        "NICKNAME_TITLE": "Cambiar apodo",
        "COUNTRY": "País/región",
        "COUNTRY_EDIT_TIP": "El país/región se modifica a <b>{{name}}</b>",
        "PASSWORD_TITLE": "Cambiar contraseña",
        "PASSWORD_OLD_TIP": "Ingrese la contraseña anterior",
        "PASSWORD_NEW_TIP": "Ingrese la nueva contraseña",
        "PASSWORD_NEW2_TIP": "Confirme la nueva contraseña",
        "PASSWORD_OLD_ERR": "La contraseña anterior debe ser 8-16 caracteres",
        "PASSWORD_NEW_ERR": "La nueva contraseña debe ser 8-16 caracteres alfanuméricos",
        "PASSWORD_NO_PWD": "Sin contraseña establecida",
        "PASSWORD_INIT": "Por favor cambie la contraseña inicial",
        "USERNAME": "Nombre de la cuenta",
        "FIRSTNAME": "Nombre",
        "LASTNAME": "Apellido",
        "CHANGE_EMAIL": "Cambiar el correo electrónico",
        "CHANGE_MOBILE": "Cambiar el número de teléfono móvil",
        "PROFILE_INFO": "Datos básicos",
        "PROFILE_SAFE": "Seguridad de la cuenta",
        "VERIFY_TITLE": "Autenticación de dos factores",
        "VERIFY_TYPE": "Manera de autentificación",
        "VERIFY_BTN": "Obtener el código de verificación",
        "VERIFY_SEND": "El código de verificación ha sido enviado, compruébalo",
        "VERIFY_TIP": "Por favor, ingrese el código de verificación de 6 dígitos",
        "VERIFY_TYPE_MOBILE": "Verificar por recibir el código de verificación por el teléfono móvil",
        "VERIFY_TYPE_EMAIL": "Verificar por recibir el código de verificación por el correo electrónico",
        "VERIFY_ONENABLE": "No activado",
        "VERIFY_COUNTRY_TIP": "No se puede modificar el país/región después de activar la autenticación de dos factores",
        "VERIFY_ENABLE_TIP": "La autenticación de dos factores se puede activar por autentificar el teléfono móvil o el correo electrónico, ¿va a la autenticación? ",
        "MOBILE_TITLE": "Verificar el número de teléfono móvil vinculado",
        "MOBILE_OLD": "El número de teléfono móvil actual",
        "MOBILE_TIP": "Por favor, ingrese el número de teléfono móvil",
        "MOBILE_TIP_NEW": "Por favor, ingrese el nuevo número de teléfono móvil",
        "MOBILE_CHECK_TIP": "Por favor, ingrese el número de teléfono móvil en formato correcto",
        "EMAIL_TITLE": "Verificar el correo electrónico vinculado",
        "EMAIL_OLD": "Correo electrónico actual",
        "EMAIL_TIP": "Por favor, ingrese el correo electrónico",
        "EMAIL_TIP_NEW": "Por favor, ingrese el nuevo correo electrónico",
        "EMAIL_CHECK_TIP": "Por favor, ingrese el correo electrónico en formato correcto",
        "LOGOUT": "Cerrar sesión",
        "PASSWORD_REST_OK": "La contraseña se cambió correctamente",
        "PROFILE_TITLE": "Configuración de cuenta",
        "BTN_LOGOUT": "Salida del registro",
        "ITEM_WALLET": "Billetera",
        "ITEM_ORDER": "Pedido",
        "ITEM_DEVICE": "Equipo",
        "ITEM_NETWORK": "Dispositivo de conexión",
        "ITEM_LANG": "Idiomas",
        "ITEM_SERVICE": "Sobre",
        "ITEM_VERSION": "Versión App",
        "CHANGE_NAME": "Modificar nombre",
        "CHANGE_USERNAME": "Cambiar nombre de cuenta",
        "CHANGE_USERNAME_TIP": "¿Sólo se puede modificar el nombre de la cuenta una vez, está seguro de que desea cambiar?",
        "WALLET_TITLE": "Mi cartera.",
        "WALLET_BALANCE": "Saldo actual",
        "WALLET_RECHARGE": "Recargar",
        "WALLET_RECORD": "Registro de transacciones",
        "WALLET_NORECORD": "No hay datos.",
        "WALLET_RECORD2": "Consumo",
        "WALLET_RECORD3": "Reintegro",
        "WALLET_RECORD5": "Regalar",
        "WALLET_WEIXIN": "",
        "WALLET_ALIPAY": "Pago del Tesoro",
        "WALLET_CARD": "Tarjeta de crédito",
        "WALLET_TYPE": "Valor de cartera",
        "WALLET_SUCCESS": "La cartera está cargada.",
        "WALLET_TRANS_AMOUNT": "",
        "WALLET_TRANS_COIN": "Moneda de cambio",
        "ABOUT_COMPANY": "NEXNOVO TECHNOLOGY CO. LTD</b> que la marca internacional es NEXNOVO, se estableció en 2011, con sede en Shenzhen, oficinas en Beijing y Shanghái, con un área de producción de casi 10,000 metros cuadrados. NEXNOVO se ha centrado en el desarrollo, producción y venta de pantallas LED transparentes. Ha pasado la certificación del sistema de calidad internacional ISO9001 y la certificación del sistema de gestión ambiental ISO14001. Tiene muchas patentes nacionales y extranjeras. En 2017, los productos de la serie XT ganaron el Premio Internacional de Diseño Industrial IF. NEXNOVO tiene una alta reputación y reputación de marca en la industria.",
        "ABOUT_COPYRIGHT": "Derechos de autorTodos los derechos de autor reservados por NEXNOVO",
        "ABOUT_WEBSITE": "Sitio web: <a target='_blank' href='http://www.nexposter.com'>www.nexposter.com</a>",
        "ABOUT_SALE_EMAIL": "Buzón de servicio al cliente: </b><a href=\"mailto:service@nexnovo.com\">service@nexnovo.com</a>",
        "ABOUT_ADDRESS": "Dirección: No. 8, Camino Qinglan No. 1, Zona industrial de Pingshan, Distrito de Pingshan, Shenzhen"
    },
    "DEVICES": {
        "TITLE": "Gestión de dispositivos",
        "VERSION": "Versión",
        "HARDWARE_ID": "ID de hardware",
        "IP_ADDRESS": "Dirección IP",
        "WIFI_SSID": "Conexión WIFI",
        "AP_NAME": "Nombre AP",
        "AP_PASSWORD": "Contraseña AP",
        "LOCAL_TIME": "Hora local",
        "TIME_ZONE": "Zona horaria",
        "TIME_ZONE_MSG": "Configurar zona horaria",
        "REBOOT_AUTO": "Reinicio automático",
        "REBOOT_TIME": "Tiempo de reinicio",
        "SCREEN_SWITCH_MODE": "Modo de cambio",
        "SCREEN_BRIGHTNESS_MODE": "Modo de brillo",
        "BRIGHTNESS": "Brillo actual",
        "BRIGHTNESS_TIMING": "Brillo temporizado",
        "SCREEN_MODE_MANUAL": "Manual",
        "SCREEN_MODE_TIMING": "Temporización",
        "SCREEN_SHOW_PROGRESS": "Mostrar barra de progreso",
        "COLOR_TEMPERATURE": "Temperatura de color",
        "VOLUME": "Volumen actual",
        "WORKING_TIME": "Tiempo de trabajo",
        "WORKING_TIME_TITLE": "Elija el tiempo de encendido y apagado",
        "BRIGHTNESS_ADD_TIME": "Agregar hora",
        "BRIGHTNESS_CHECK_TIP": "Verifique el formato de hora y el brillo entre 0-100",
        "BRIGHTNESS_TIME_ALREADY": "La hora ya existe",
        "COLOR_TEMPERATURE_4700": "Blanco neutro",
        "COLOR_TEMPERATURE_6500": "Blanco frío",
        "COLOR_TEMPERATURE_9300": "Blanco frío",
        "SCREEN_ONOFF": "Encender/apagar pantalla",
        "DEL_DEVICE": "Eliminar dispositivo",
        "DEL_DEVICE_TIP": "Ingrese el nombre del dispositivo para confirmar la eliminación",
        "ADD_DEVICE": "Agregar nuevo dispositivo",
        "ADD_DEVICE_TIP": "Ingrese ID del dispositivo único",
        "UPGRADE": "Actualizar a",
        "ADD_DEVICE_SUCCESS": "Dispositivo agregado con éxito",
        "AP_PASSWORD_TITLE": "Modificar la contraseña del punto de acceso inalámbrico",
        "AP_PASSWORD_TIP": "Ingrese 8-16 caracteres alfanuméricos y no puede ser la contraseña inicial",
        "DEVICE_EMPTY_GOADD": "Sin dispositivo. ¿Quiere agregar un nuevo dispositivo?",
        "REPORT_LOCATION": "Ubicación de informes",
        "REBOOT": "Reiniciar dispositivo",
        "REBOOT_TIP": "¿Seguro que quieres reiniciar tu dispositivo?",
        "WIFI_TITLE": "Red de dispositivos",
        "WIFI_SCANNING": "Buscar dispositivos cercanos...",
        "WIFI_SCANNING_NUM": "Se encontraron {{Num}} dispositivos",
        "WIFI_SCANNING_FAILED": "Búsqueda fallida, haga clic para volver a intentar！",
        "WIFI_ENABLED_TIP": "Necesita encender el WIFI móvil, haga clic en el botón Aceptar y autorice",
        "WIFI_PASSWORD": "Por favor ingrese la contraseña",
        "WIFI_PASSWORD_MSG": "Ingrese la contraseña para {{name}} <br> La contraseña inicial del dispositivo es: 12345678",
        "WIFI_PASSWORD_AP": "Ingrese la contraseña de WIFI de {{name}}",
        "WIFI_CONNECTED": "Conectado",
        "WIFI_CONNECT": "Por favor conecte el dispositivo",
        "WIFI_CONNECT_OK": "Dispositivo conectado {{name}}",
        "WIFI_CONNECT_FAILED": "Conexión fallida, verifique la contraseña o el dispositivo",
        "WIFI_CONNECT_TIP": "Necesita conectar el teléfono al punto de acceso AP de la pantalla. ¿Quieres configurarlo?",
        "WIFI_SELECT_TIP": "Por favor seleccione red WIFI",
        "WIFI_SETUP_OK": "Enviar contraseña WIFI con éxito",
        "WIFI_ENCRYPTED": "Cifrado",
        "WIFI_NETWORK_INFO": "Información de red",
        "WIFI_NETWORK_SETTING": "Configuraciones de red",
        "WIFI_NETWORK_BTN": "Configurar",
        "WIFI_NETWORK_IP": "Dirección IP",
        "WIFI_NETWORK_STATE": "Estado de la red",
        "WIFI_NETWORK_OK": "Conectado",
        "WIFI_NETWORK_FAILED": "No conectado",
        "SETUP": "Configurar la red",
        "RESET": "Restablecer",
        "RESET_TIP": "Esta operación borrará el contenido de reproducción del dispositivo [{{name}}] y restaurará el video de inicialización predeterminado. ¿Está seguro de que desea restablecerlo?",
        "WIFI_ENABLED_TIP_IOS": "La configuración de red del dispositivo debe encender el teléfono móvil WIFI. ¿Desea encenderlo?",
        "WIFI_PASSWORD_TIP": "Ingrese una contraseña de más de 8 caracteres.",
        "WIFI_CONNECTING": "Conectando a {{name}} ...",
        "WIFI_CONNECT_FAILED2": "El teléfono no puede conectarse automáticamente a la pantalla, vaya a la lista WIFI del sistema para conectarse manualmente {{ssid}} (contraseña {{pwd}}), y luego regrese a la interfaz de la APLICACIÓN para completar la configuración de la red.",
        "WIFI_PASSWORD_EMPTY": "Si conecta a WIFI no codificado, otras personas pueden ver el mensaje que envió a través de esta red. ¿Está seguro de conectarse?",
        "WIFI_CONNECT_STR": "Cuando el dispositivo está conectando a la red, debe conectarse al punto de acceso de {{name}} {{ssid}}. Asegúrese de que {{name}} esté encendido y que el teléfono no esté a más de 10 metros del dispositivo.",
        "WIFI_CONNECT_BTN": "Conecta a {{name}}",
        "WIFI_MOBILE_DATA_TIP": "No se pudo obtener información del dispositivo, cierre la red de datos 4G del teléfono e intente nuevamente.",
        "BLUETOOTH": "Audio Bluetooth",
        "BLUETOOTH_PAIR": "Emparejamiento Bluetooth",
        "BLUETOOTH_SCANNING": "Escaneo de Bluetooth ...",
        "BLUETOOTH_PAIRING": "Emparejamiento con {{name}} ...",
        "BLUETOOTH_CONNECT": "Contectando",
        "BLUETOOTH_CONNECTED": "Conectado",
        "BLUETOOTH_CONNECT_TIP": "Confirme si está encendido el dispositivo Bluetooth {{name}} y esté a la pantalla dentro de los 10 metros.",
        "BLUETOOTH_CONNECT_FAIL": "Error de conexión, confirme que el dispositivo Bluetooth esté a menos de 10 metros de la pantalla",
        "BLUETOOTH_DISCONNECT_TIP": "¿Seguro que quieres desconectar la conexión Bluetooth?",
        "BLUETOOTH_LIST": "Dispositivos Bluetooth escaneados.",
        "BLUETOOTH_EMPTY": "No hay dispositivos Bluetooth cerca.",
        "DEVICE_MODE": "Cambiar modo de dispositivo",
        "DEVICE_OFFLINE": "El dispositivo esta desconectado",
        "DEVICE_POWER_TIP": "Es posible que el dispositivo no se inicie, verifique la alimentación o inicie el dispositivo, luego actualice la interfaz para completar la configuración de la red",
        "DEVICE_NONEX": "Este equipo no es de la compañía Jinghong, no puede continuar la operación. ",
        "SCREEN_NUM_SETUP": "Número de costuras de pantalla",
        "REPORT_MSG": "Por favor marque la ubicación en el mapa",
        "WIFI_CONNECT_INPUT": "Ingrese el nombre del punto de acceso del dispositivo",
        "DEVICE_SAMENAME": "Varios puntos de acceso tienen el mismo nombre, intente con la siguiente contraseña",
        "SHARE": "Autorización de compartir",
        "SHARE_TYPE1": "Modo estandar",
        "SHARE_TYPE2": "Modo proporcional",
        "SHARE_EXISTS": "El usuario ha sido autorizado",
        "SHARE_INPUT_TIP": "Ingrese palabras clave de usuario",
        "SHARE_EMPTY": "Ningún usuario autorizado todavía",
        "SHARE_RATIO_TITLE": "Ratio compartido",
        "SHARE_RATIO_MY": "Mi relación de juego",
        "SHARE_USER_TITLE": "Usuario autorizado",
        "SHARE_TIP": "Instrucciones para compartir",
        "SHARE_USER_NOTEXIST": "La cuenta no existe",
        "SHARE_TIPS": "1. Un dispositivo solo puede elegir un modo de autorización <br>2. Después de guardar el modo de cambio, se borrará la última información de usuario autorizada <br>3. En modo proporcional, un dispositivo solo se puede autorizar a un usuario",
        "MAP_NOGPS": "No se pudo obtener la ubicación, verifique el permiso del GPS o confirme si el GPS está habilitado",
        "WIFI_FORGET": "Olvidar",
        "WIFI_FORGET_CONFIRM": "¿Está seguro de olvidar el enlace WIFI? ",
        "PERMISSION_GPS_TIP": "La conexión de red de los dispositivos requiere permiso de funcionamiento de red y GPS, la prohibición  de permiso puede resultar la operación interrumpida",
        "HDMI_SWITCH": "Activar HDMI",
        "HDMI_POSITION": "Ubicación de salida de pantalla HDMI",
        "CLOCK_TITLE": "Estado del reloj",
        "CLOCK_COLOR": "Color de texto",
        "CLOCK_BGCOLOR": "Background color",
        "CLOCK_BOLD": "Tipo de letra",
        "CLOCK_PANEL": "En la pantalla de {{num}}...",
        "CLOCK_DISPANEL": "Número de pantalla",
        "CLOCK_TYPE": "Modo de visualización",
        "CLOCK_FULL": "Fecha completa",
        "CLOCK_TYPE_OPT1": "Mostrar continuamente",
        "CLOCK_TYPE_OPT2": "Hora completa",
        "CLOCK_CLOSE": "Cerrar reloj",
        "CLOCK_OPEN": "Guardar y activar el reloj",
        "COUNTDOWN_TITLE": "Cuenta regresiva",
        "COUNTDOWN_HOUR": "Hora regresiva",
        "COUNTDOWN_MINUTE": "Tiempo invertido",
        "COUNTDOWN_START": "Hora de inicio",
        "COUNTDOWN_END": "Al final, a las 00: 00.",
        "COUNTDOWN_CLOSE": "Cerrar cuenta regresiva",
        "COUNTDOWN_STARTNOW": "Empezar ahora",
        "SENSOR_TITLE": "Información del sensor",
        "SCREEN_ROTATE": "Rotación de pantalla 180 grados",
        "SENSOR_MASTER": "Sensor principal",
        "SENSOR_SLAVE": "Del sensor",
        "SENSOR_TEMP": "Temperatura",
        "SENSOR_HUMIDITY": "Humedad",
        "SENSOR_BRIGHTNESS": "Luminosidad ambiental",
        "SENSOR_SWITCH": "Alternar",
        "SENSOR_AUTOBRIGHT": "Brillo automático",
        "DEVICE_EMPTY": "Puede que no haya añadido ningún dispositivo",
        "SCANQR_TITLE": "",
        "SCANQR_INPUT": "Entrada manual",
        "UPGRADE_CONFIRM": "El proceso de actualización lleva de 1 a 2 minutos. No apague el dispositivo. ¿Está seguro de actualizar?",
        "UPGRADE_SEND_SUCCESS": "Enviar solicitud de Actualización exitosa, espere a la actualización..."
    },
    "WALLET": {
        "RECORD_DETAIL_TITLE": "Transacción",
        "RECORD_DETAIL_NO": "Pedido No.",
        "RECORD_DETAIL_DATE": "Hora",
        "RECORD_DETAIL_CURRENCY": "Moneda",
        "RECORD_DETAIL_AMOUNT": "Monto de transacción",
        "RECORD_DETAIL_COINS": "Cantidad de monedas",
        "RECORD_DETAIL_BALANCE": "Saldo",
        "RECORD_COINS": "Moneda"
    },
    "ORDER": {
        "DETAIL_ORDER_CONFIRM": "Este video se copiará a sus medios después de la confirmación",
        "DETAIL_BTN_PREVIEW": "Vista previa",
        "DETAIL_BTN_REMARK": "",
        "DETAIL_BTN_CONFIRM": "Confirmado",
        "DETAIL_CONFIRM_TIP": "Pedido confirmado",
        "DETAIL_CONFIRM_NOAMOUNT": "Saldo insuficiente",
        "DETAIL_CANCEL_TIP": "¿Está seguro de cancelar el pedido {{sn}}?",
        "DETAIL_MODIFY_MSG": "Ingrese sus comentarios",
        "CONFIRM_TITLE": "Pedido confirmado",
        "CONFIRM_ORDER_MSG": "Confirme su pedido del ítem {{orderItemsCount}} y deberá pagar {{orderAmount}} N monedas",
        "ORDER_NUMBER": "Pedido No.",
        "ORDER_AMOUNT": "Monto del pedido",
        "SUBMIT": "Enviar pedido",
        "SUBMIT_PAY": "Confirmar pago",
        "ORDER_TYPE": "Tipo de orden",
        "ORDER_STATUS": "Estado del pedido",
        "ORDER_GOODS_DETAIL": "Detalles del producto",
        "TITLE": "Mis pedidos",
        "ORDER_REMARK": "Nota de pedido",
        "BTN_COMPLETE": "Confirmado",
        "BTN_REWORK": "Enviar comentarios",
        "ORDER_PAYED": "El pedido de recorte fue pagado con éxito, ¡espere a que el diseñador lo maneje!",
        "TITLE_DETAIL": "Detalles del pedido",
        "STATE_PENDING": "Pendiente",
        "STATE_PAID": "Pagado",
        "STATE_PUSH": "Subido",
        "STATE_SCANCEL": "Tiempo de espera agotado",
        "STATE_UCANCEL": "Cancelado",
        "STATE_REWORK": "Revisado",
        "STATE_REPUSH": "Subir de nuevo",
        "STATE_FINISH": "Completado",
        "STATE_REFUND": "Transacción fallida",
        "STATE_REINFO": "Los datos no coinciden",
        "STATE_START": "Empieza a hacer",
        "BTN_CANCEL": "Cancelar pedido",
        "BTN_MODIFY": "Modificar orden",
        "DETAIL_ORDER_CONFIRM6": "Esta imagen reemplazará su imagen original.",
        "DETAIL_ORDER_CONFIRM5": "El contenido se copiará a su biblioteca.",
        "DETAIL_ORDER_CONFIRM1": "Este video se copiará a la biblioteca de su programa.",
        "ORDER_EMPTY": "No tiene ninguna orden"
    },
    "SIGNIN": {
        "TITLE": "Iniciar sesión",
        "LOGGING": "Iniciando sesión",
        "REGING": " Creando la cuenta",
        "LOGIN_FAILED": "Error de inicio de sesión",
        "EMAIL": "Buzón",
        "USERNAME": "Cuenta/buzón",
        "PASSWORD": "Contraseña",
        "PASSWORD_CONFIRM": "Contraseña de confirmación",
        "PASSWORD_CONFIRM_FAILED": "Verifique la contraseña de confirmación",
        "PASSWORD_ERR": "Cuenta o contraseña incorrecta",
        "LOGIN_BTN": "Iniciar sesión",
        "REG_TITLE": "Registrarse",
        "REG_BTN": "Crear una cuenta",
        "REG_FIRST_NAME": "Nombre",
        "REG_FIRST_NAME_MSG": "Ingrese el nombre",
        "REG_LAST_NAME": "Apellido",
        "REG_LAST_NAME_MSG": "Ingrese el apellido",
        "REG_COUNTRY": "País/región",
        "REG_COUNTRY_MSG": "Elija país/región",
        "REG_PASSWORD_MSG": "Ingrese una contraseña de 8-16 caracteres alfanuméricos",
        "REG_PASSWORD_CONFIRM_MSG": "Confirme que las contraseñas ingresadas dos veces son consistentes",
        "REG_USERNAME_TIP": "Ingrese el nombre de cuenta o buzón",
        "REG_EMAIL_MSG": "Ingrese el buzón correcto",
        "REG_USERNAME_MSG": "El nombre de cuenta debe ser 8-40 caracteres de letras o números",
        "VERIFY": "Código de verificación",
        "LOGIN_AUTHORIZED": "Inicio de sesión de terceros",
        "LOGIN_WECHAT": "Inicie sesión con la autorización de WeChat",
        "LOGIN_FACEBOOK": "Iniciar sesión con Facebook",
        "LOGIN_NOUSER": "Crear una cuenta",
        "LOGIN_FORGET": "¿Olvidar contraseña",
        "AUTH_FIRST_TIP": "Si ya tiene una cuenta, seleccione \"Vincular una cuenta existente\", seleccione \"Soy un nuevo usuario\" iniciará sesión directamente",
        "AUTH_BIND": "Vincula una cuenta existente",
        "AUTH_LOGIN": "Soy un nuevo usuario",
        "AUTH_SUBMIT": "Soy un nuevo usuario",
        "REG_SUCCESS": "La cuenta se creó correctamente, puedes iniciar sesión",
        "LOGIN_VERIFY": "verificación de seguridad",
        "MOBILE": "número de teléfono",
        "FORGET_TIP": "Aquí puede recuperar la contraseña olvidada, por favor complete el reinicio de la contraseña siguiendo los pasos de orientación",
        "FORGET_NOUSERNAME": "Nombre de cuenta inválido",
        "FORGET_PHONE_ERR": "Número de teléfono móvil inválido",
        "FORGET_EMAIL_ERR": "Correo electrónico inválido",
        "FORGET_INPUT_EMAIL": "Ingrese su correo electrónico vinculado para recibir el código de verificación",
        "FORGET_INPUT_PHONE": "Ingrese su teléfono móvil vinculado para recibir el código de verificación",
        "FORGET_INPUT_CODE": "Ingrese el código de verificación que recibió",
        "FORGET_RESET_PWD": "Reiniciar contraseña",
        "FORGET_RESET_OK": "La contraseña se cambió correctamente, regrese e inicie sesión de nuevo",
        "VERIFY_NOINFO_EMAIL": "Si no puede aceptar el Código de autenticación o ha cambiado el buzón, contacte con el Administrador",
        "VERIFY_NOINFO_PHONE": "Su cuenta está abierta para verificar el teléfono, contacte al Administrador si no puede recibir el Código de autenticación o el número de teléfono de"
    },
    "API": {
        "404": "Solicitud ilegal",
        "MSG_TEMPLATE_REPEATE_ISEMPTY": "No hay contenido en la lista de reproducción elegido",
        "MSG_TEMPLATE_NOT_FOUND": "No hay contenido en la lista de reproducción elegido",
        "MSG_NAME_EXISTS": "El nombre ya existe",
        "MSG_DATA_NOTFOUND": "No se encontraron datos",
        "MSG_DEVICE_ACTIVATED": "Este dispositivo ha sido enlazado",
        "MSG_TEMPLATES_AUDIT_FAILURE": "Sin permiso para modificar el contenido rechazado",
        "MSG_PLAYLIST_USED": "La lista de reproducción en uso no se puede eliminar",
        "MSG_OLD_PASSWORD_ERROR": "Error de contraseña anterior",
        "MSG_USER_NAME_EXISTS": "El nombre de cuenta o buzón ya existe",
        "MSG_PERMISSION_DENIED": "Lo sentimos, sin permiso para operar",
        "MSG_DEVICE_NOT_OWNER": "Sin permiso para modificar el nombre del dispositivo",
        "MSG_USER_DISABLED": "Cuenta deshabilitada",
        "MSG_DAYMODEL_USED": "El modo diario ya está en uso",
        "MSG_USER_NAME_OR_USER_PWD_ERROR": "Error de usuario o contraseña",
        "MSG_TEMPLATES_REMOVED": "La plantilla ha sido eliminada",
        "MSG_VERIFICATION_INCORRECT": "Código de verificación incorrecto",
        "MSG_PLAY_CONTENT_EMPTY": "Sin contenido",
        "MSG_NO_PERMISSION_MODIFY_TEMPLATE": "Sin permiso para modificar la plantilla",
        "MSG_EXCEPTION": "Excepción de solicitud, intente de nuevo más tarde",
        "MSG_TEMPLATES_EXISTING_PLAYLIST": "No se pueden eliminar medios usados en [Lista de reproducción]",
        "MSG_BALANCE_INSUFFICIENT": "Saldo insuficiente, recargue en \"Cuenta - Saldo\"",
        "MSG_TEMPLATE_AUDIT_FAILURE": "El medio no pudo pasar la revisión",
        "MSG_ORDER_WAITING_PAID": "Por favor confirme y pague en el pedido",
        "MSG_GOODS_PURCHASED": "Ya has comprado este producto",
        "MSG_COMPANY_PURCHASED": "Su empresa ya ha comprado este producto.",
        "MSG_GOODS_NOT_FOUND": "Producto no encontrado",
        "MSG_COLOR_EXISTS": "El color ya existe",
        "MSG_NOT_PERMISSION_MODIFY_TEMPLATE": "No hay permiso para modificar esta plantilla.",
        "MSG_ACCOUNT_DISABLED_WRONG_PASSWORD": "¡Debido a una contraseña incorrecta, intente nuevamente a las {{time}}!",
        "MSG_TEMPLATE_REVIEW_FAILED_NOT_MODIFY": "La revisión falló y no se puede modificar",
        "MSG_TOKEN_INVALID": "El inicio de sesión ha caducado, ¡vuelva a iniciar sesión!",
        "MSG_VERIFICATION_EXPIRED": "El código de verificación ha caducado, ¡vuelva a ingresarlo!",
        "MSG_WX_ACCESS_TOKEN_ERROR": "La autorización de WeChat falló",
        "MSG_WX_ACCOUNT_HAS_BEEN_BOUND": "Este WeChat ha sido vinculado",
        "MSG_NEXNOVO_ACCOUNT_HAS_BEEN_BOUND_WX": "La cuenta ha sido vinculada a WeChat",
        "MSG_ORDER_STATUS_CHANGED": "El estado del pedido puede haber cambiado",
        "MSG_PLEASE_CHANGE_PASSWORD": "Para la seguridad de su cuenta, Por favor cambie la contraseña",
        "MSG_NUMBER_OF_SCREENS_HAS_CHANGED": "La configuración de la pantalla ha cambiado, intente actualizar la interfaz",
        "MSG_NOT_FOUND": "Solicitud ilegal",
        "MSG_AREA_NOT_SUPPORT_PHONE_VERIFY": "Su región/país no admite la verificación del número de teléfono móvil",
        "MSG_VERIFICATION_CODE_ERROR": "Error de código de verificación",
        "MSG_PHONE_HAS_BEEN_REGISTER": "El número de teléfono móvil registrado",
        "MSG_EMAIL_HAS_BEEN_REGISTER": "El correo electrónico registrado",
        "MSG_PASSWORD_EXPIRE": "La contraseña ha sido inválida, cámbiela",
        "MSG_PLEASE_GET_VERIFY_CODE_LATER": "Los códigos de verificación se envían con mucha frecuencia. Inténtelo más tarde",
        "MSG_PASSWORD_NOT_MEET_RULES": "La nueva contraseña no cumple con las reglas",
        "PASSWORD_RULES_DEFAULT": "La contraseña debe ser una combinación de 8 a 16 dígitos de números y letras.",
        "PASSWORD_RULES_ONE": "La longitud de la contraseña debe ser mayor o igual a 8 y menor o igual a 16 dígitos de caracteres.",
        "PASSWORD_RULES_TWO": "La longitud de la contraseña debe ser mayor o igual a 8 y menor o igual a 16 dígitos con una combinación de números, letras mayúsculas y minúsculas, por lo menos debe contener uno de ellos.",
        "PASSWORD_RULES_THREE": "La longitud de la contraseña debe ser mayor o igual a 8 y menor o igual a 16 dígitos con una combinación de números, letras mayúsculas y minúsculas y caracteres especiales, por lo menos debe contener uno de ellos.",
        "MSG_PASSWORD_NOT_ALLOW_SPACES": "La contraseña no permite espacios.",
        "MSG_TOKEN_EXPIRED": "Gracias por tu comentario y comentario.",
        "MSG_PARAMETER_NOTEMPTY": "Los parámetros no pueden estar vacíos",
        "MSG_DEVICE_OFFLINE": "Dispositivo no disponible",
        "MSG_USER_PHONE_EXISTS": "El número de teléfono está registrado."
    },
    "WELCOME": {
        "REG_PROTOCAL": "Al crear una cuenta, indica que ha aceptado nuestras || Condiciones del servicio || y || Política de privacidad",
        "UPDATE_NEW": "nueva versión",
        "UPDATE_NEW_VERSION": "Hay una nueva versión, ¿necesitas actualizarla?",
        "UPDATE_TIP": "Descargando actualizaciones ({{num}}%) ...",
        "UPDATE_REBOOT": "Por favor reinicia la aplicación",
        "GUIDE_HELLO": "Bienvenido a NexCloud",
        "GUIDE_PAGE1": "Los productos de la serie NP son pantallas de carteles electrónicos LED transparentes, que se utilizan en varios anuncios de ventanas en todo el mundo, y una nueva solución de visualización transparente todo en uno para anuncios de ventanas en tiendas pequeñas y medianas y tiendas minoristas.",
        "GUIDE_PAGE2": "Los productos de la serie Eye Screen son pantallas electrónicas de vidrio para puertas con LED transparente, se utiliza en puertas comerciales, escaparates, carteles y otros campos.Expande a voluntad e instala fácilmente.",
        "GUIDE_PAGE3": "Escanee el código QR del dispositivo e ingrese la interfaz de trabajo correspondiente.",
        "GUIDE_SCANQR": "Haga clic para escanear código",
        "GUIDE_START": "Empieza a experimentar",
        "GUIDE_SETUP_TIP": "El dispositivo [{{name}}] está desconectado. ¿Desea configurar la red de inmediato?",
        "GUIDE_SETUP_YES": "Configurar ahora",
        "GUIDE_SETUP_NO": "Configurar más tarde",
        "GUIDE_SETUP_SKIP": "Saltar la guía",
        "GUIDE_SETUP_MODE": "Seleccionar modo de trabajo",
        "GUIDE_SETUP_MODE_TIP": "Por favor seleccione un modo de trabajo",
        "GUIDE_SETUP_MODE_MSG": "Si no sabe cómo elegir, puede elegir una arbitrariamente y puede cambiar en [Cuenta> Dispositivo] en el futuro",
        "GUIDE_MODE_NEXPOSTER": "NexPoster (modo de pantalla de póster)",
        "GUIDE_MODE_NEXESIGN": "NexEsign (modo de pantalla del cabezal de la puerta)",
        "GUIDE_CHECK_STATUS": "Comprobación del estado de la red",
        "UPDATE_ERROR": "El usuario ya no está registrado"
    },
    "GUIDE": {
        "PUBLIC_SLIDELEFT": "Deslice hacia izquierda para editar o eliminar los datos",
        "PUBLIC_MORE": "Para más funciones, haga clic en el botón en la esquina superior derecha",
        "CONTENT_NEW": "Haga clic para crear un programa DIY",
        "CONTENT_UPVIDEO": "Haga clic en el botón para cargar un programa de video",
        "PLAYLIST_NEW": "El menú aún no tiene programas, haga clic para agregar programas",
        "PLAYLIST_SLIDELEFT": "Deslice  hacia izquierda para copiar o eliminar el programa, deslice el botón para ordenar de arriba a abajo",
        "DEVICES_SLIDELEFT": "Deslice hacia izquierda para cambiar el nombre del dispositivo",
        "DEVICES_NEW": "Haga clic en el botón para escanear el código y agregar un nuevo dispositivo",
        "EDITOR_ADDTEXT": "Haga clic en el botón para agregar texto al editor",
        "EDITOR_ADDIMAGE": "Haga clic en el botón para agregar material al editor",
        "EDITOR_PLAY": "Haga clic en el botón de reproducción para obtener el efecto de vista previa",
        "EDITOR_END": "Haga clic en el botón para obtener una vista previa o guardar el DIY en el dispositivo",
        "EDITOR_PREVIEW": "Enviar a la vista previa del dispositivo",
        "EDITOR_SAVE": "Haga clic en el botón para guardar DIY"
    },
    "TAB_PUBLISH": "Reproducir",
    "TAB_CONTENT": "Contenido",
    "TAB_STORE": "Tienda",
    "TAB_EDITOR": "Editor",
    "TAB_ACCOUNT": "Cuenta",
    "EXIT_APP": "¿Quieres dejar la app?",
    "COMP": {
        "CAL_WEEKS_START": "0",
        "CAL_WEEKS_SU": "Dom",
        "CAL_WEEKS_MO": "Lun",
        "CAL_WEEKS_TU": "Mar",
        "CAL_WEEKS_WE": "Mié",
        "CAL_WEEKS_TH": "Jue",
        "CAL_WEEKS_FR": "Vie",
        "CAL_WEEKS_ST": "Sáb",
        "CAL_MONTHS0": "Enero",
        "CAL_MONTHS1": "Febrero",
        "CAL_MONTHS2": "Marzo",
        "CAL_MONTHS3": "Abril",
        "CAL_MONTHS4": "Mayo",
        "CAL_MONTHS5": "Junio",
        "CAL_MONTHS6": "Julio",
        "CAL_MONTHS7": "Agosto",
        "CAL_MONTHS8": "Septiembre",
        "CAL_MONTHS9": "Octubre",
        "CAL_MONTHS10": "Noviembre",
        "CAL_MONTHS11": "Diciembre"
    }
}