{
    "API": {
        "404": "違法な要求",
        "MSG_TEMPLATE_AUDIT_FAILURE": "この番組がレビューに失敗しました",
        "MSG_NO_PERMISSION_MODIFY_TEMPLATE": "テンプレートを修正する権限がありません",
        "MSG_TEMPLATES_EXISTING_PLAYLIST": "[番組]に使用されている番組を削除できません",
        "MSG_TEMPLATE_REPEATE_ISEMPTY": "選択された番組リストの放送内容がブランクです",
        "MSG_TEMPLATE_NOT_FOUND": "選択された番組リストには、内容がありません",
        "MSG_NAME_EXISTS": "名称がすでに存在しています",
        "MSG_DATA_NOTFOUND": "関連のデータが見つかりません",
        "MSG_DEVICE_ACTIVATED": "この設備がすでに別のアカウントをバンドルしました",
        "MSG_TEMPLATES_AUDIT_FAILURE": "レビュー却下の内容を修正できません",
        "MSG_PLAYLIST_USED": "この番組リストが使用中で、削除できません",
        "MSG_OLD_PASSWORD_ERROR": "現在の古いパスワードが間違いました",
        "MSG_USER_NAME_EXISTS": "アカウント名、またはメールがすでに登録されました",
        "MSG_PERMISSION_DENIED": "すみません。操作の権限がありません",
        "MSG_DEVICE_NOT_OWNER": "設備の名称を修正する権限がありません",
        "MSG_USER_DISABLED": "このユーザーがすでに禁止されました",
        "MSG_DAYMODEL_USED": "日付モデルがすでに使用されました",
        "MSG_USER_NAME_OR_USER_PWD_ERROR": "ユーザー名、またはパスワードが間違いました",
        "MSG_TEMPLATES_REMOVED": "テンプレートが削除されました",
        "MSG_VERIFICATION_INCORRECT": "検証コードが間違いました",
        "MSG_PLAY_CONTENT_EMPTY": "放送内容がブランクです",
        "MSG_BALANCE_INSUFFICIENT": "バランスが不足で、「アカウント-バランス」でチャージしてください",
        "MSG_EXCEPTION": "要求が失敗しました。ネットワークを確認してやり直してください。",
        "MSG_ORDER_WAITING_PAID": "注文を確認して支払ってください",
        "MSG_GOODS_PURCHASED": "この製品は既に購入済みです",
        "MSG_COMPANY_PURCHASED": "あなたの会社はすでにこの製品を購入しています。",
        "MSG_COLOR_EXISTS": "色はすでに存在します",
        "MSG_GOODS_NOT_FOUND": "製品が見つかりません",
        "MSG_NOT_PERMISSION_MODIFY_TEMPLATE": "このテンプレートを変更する権限がありません",
        "MSG_ACCOUNT_DISABLED_WRONG_PASSWORD": "間違ったパスワードを複数回入力しようとしました。 {{time}}でもう一度お試しください！",
        "MSG_TEMPLATE_REVIEW_FAILED_NOT_MODIFY": "プログラムのレビューに失敗し、変更できません",
        "MSG_TOKEN_INVALID": "ログインの有効期限が切れました。もう一度ログインしてください！",
        "MSG_VERIFICATION_EXPIRED": "確認コードの有効期限が切れています。再入力してください！",
        "MSG_WX_ACCESS_TOKEN_ERROR": "ウィーチャットの認証に失敗しました",
        "MSG_WX_ACCOUNT_HAS_BEEN_BOUND": "ウィーチャットがバインドされました",
        "MSG_NEXNOVO_ACCOUNT_HAS_BEEN_BOUND_WX": "アカウントはウィーチャットにバインドされています",
        "MSG_ORDER_STATUS_CHANGED": "注文状況が変更された可能性があります",
        "MSG_PLEASE_CHANGE_PASSWORD": "アカウントのセキュリティのため、パスワードを変更してください",
        "MSG_NUMBER_OF_SCREENS_HAS_CHANGED": "画面設定が変更されました。インターフェイスを更新してみてください",
        "MSG_NOT_FOUND": "違法な要求",
        "MSG_AREA_NOT_SUPPORT_PHONE_VERIFY": "この国・地区では、携帯番号の検証が適用されません。",
        "MSG_VERIFICATION_CODE_ERROR": "検証コードが間違いました",
        "MSG_PHONE_HAS_BEEN_REGISTER": "携帯番号が登録済みです",
        "MSG_EMAIL_HAS_BEEN_REGISTER": "メールが登録済みです",
        "MSG_PASSWORD_EXPIRE": "パスワードが期限切れ、修正してください",
        "MSG_PASSWORD_NOT_MEET_RULES": "新パスワードが正しくありません",
        "MSG_PLEASE_GET_VERIFY_CODE_LATER": "検証コードの送信が頻繁で、後でやり直してください",
        "PASSWORD_RULES_DEFAULT": "パスワードが８－１６桁の英数字です",
        "PASSWORD_RULES_ONE": "パスワードが８桁以上、１６桁以下の文字です",
        "PASSWORD_RULES_TWO": "パスワードが８桁以上、１６桁以下の英数字の組み合わせで、大文字、小文字、数字が含まれる必要です",
        "PASSWORD_RULES_THREE": "パスワードが８桁以上、１６桁以下の英数字の組み合わせで、大文字、小文字、数字、特殊文字が含まれる必要です",
        "MSG_PASSWORD_NOT_ALLOW_SPACES": "パスワードにスペースが含まれてはいけません。",
        "MSG_TOKEN_EXPIRED": "ログイン期限が切れました。再登録してください。",
        "MSG_PARAMETER_NOTEMPTY": "パラメータが空ではありません",
        "MSG_DEVICE_OFFLINE": "デバイスはオンラインではありません",
        "MSG_USER_PHONE_EXISTS": "携帯番号は登録されています。"
    },
    "DEVICES": {
        "VERSION": "バージョン",
        "TITLE": "設備管理",
        "HARDWARE_ID": "ハードウェアID",
        "IP_ADDRESS": "IPアドレス",
        "WIFI_SSID": "WIFI接続",
        "LOCAL_TIME": "システム時間",
        "AP_NAME": "インタネット共有の名称",
        "AP_PASSWORD": "インタネット共有のパスワード",
        "TIME_ZONE": "システム時間帯",
        "REBOOT_AUTO": "自動再起動",
        "REBOOT_TIME": "重启時間",
        "COLOR_TEMPERATURE_4700": "中性白色",
        "SCREEN_ONOFF": "スクリーンのON/OFF",
        "SCREEN_SWITCH_MODE": "スクリーンのON/OFFモデル",
        "SCREEN_BRIGHTNESS_MODE": "スクリーンの明るさモデル",
        "BRIGHTNESS": "現在の明るさ",
        "BRIGHTNESS_TIMING": "定時の明るさ",
        "SCREEN_MODE_MANUAL": "手動",
        "SCREEN_MODE_TIMING": "定時",
        "SCREEN_SHOW_PROGRESS": "進行度条を表示",
        "COLOR_TEMPERATURE": "色温度",
        "VOLUME": "現在の音量",
        "TIME_ZONE_MSG": "システム時間帯を設定します",
        "WORKING_TIME": "作業時間",
        "WORKING_TIME_TITLE": "ON/OFF時間を選択します",
        "BRIGHTNESS_ADD_TIME": "時間を追加します",
        "BRIGHTNESS_CHECK_TIP": "時間のフォーマット、及び明るさの範囲が0-100ですかと確認してください",
        "BRIGHTNESS_TIME_ALREADY": "この時間が既に存在しました",
        "COLOR_TEMPERATURE_6500": "寒い白色",
        "COLOR_TEMPERATURE_9300": "寒い白色",
        "DEL_DEVICE": "設備を削除します",
        "DEL_DEVICE_TIP": "設備を削除することを確定するには、正しい名称を入力してください",
        "ADD_DEVICE": "新しい設備を追加します",
        "ADD_DEVICE_TIP": "唯一のデバイスIDを入力してください",
        "UPGRADE": "に更新",
        "ADD_DEVICE_SUCCESS": "設備追加が成功しました",
        "AP_PASSWORD_TITLE": "インタネット共有のパスワードを修正します",
        "AP_PASSWORD_TIP": "请入入8-16位字母または数字的密码",
        "DEVICE_EMPTY_GOADD": "設備がありません。新しい設備を追加しますか？",
        "REPORT_LOCATION": "報告場所",
        "REBOOT": "デバイスを再起動",
        "REBOOT_TIP": "デバイスを再起動してもよろしいですか？",
        "WIFI_TITLE": "デバイスネットワーキング",
        "WIFI_SCANNING": "近くのデバイスをスキャンしています...",
        "WIFI_SCANNING_NUM": "近くで{{Num}}個のデバイスが見つかりました",
        "WIFI_SCANNING_FAILED": "扫描设备失败，请点击重试！",
        "WIFI_ENABLED_TIP": "デバイス接続にはWIFIを有効にする必要があります。WIFIを有効にすることを確認して承認してください",
        "WIFI_PASSWORD": "パスワードを入力してください",
        "WIFI_PASSWORD_MSG": "{{name}}のホットスポットパスワードを入力してください<br>初期デバイスパスワード：12345678",
        "WIFI_PASSWORD_AP": "{{name}}のWIFIパスワードを入力してください",
        "WIFI_CONNECTED": "接続済み",
        "WIFI_CONNECT": "デバイスを接続してください",
        "WIFI_CONNECT_OK": "接続されたデバイス{{name}}",
        "WIFI_CONNECT_FAILED": "接続に失敗しました。パスワードまたはデバイスを確認してください",
        "WIFI_CONNECT_TIP": "電話を画面のAPホットスポットに接続する必要があります。 設定しますか？",
        "WIFI_SELECT_TIP": "WIFIネットワークを選択してください",
        "WIFI_SETUP_OK": "WIFIパスワードを正常に送信します",
        "WIFI_ENCRYPTED": "暗号化",
        "WIFI_NETWORK_INFO": "デバイスネットワーク情報",
        "WIFI_NETWORK_SETTING": "ネットワーク設定",
        "WIFI_NETWORK_BTN": "ネットワークを設定してください",
        "WIFI_NETWORK_IP": "IPアドレス",
        "WIFI_NETWORK_STATE": "ネットワーク状態",
        "WIFI_NETWORK_OK": "接続済み",
        "WIFI_NETWORK_FAILED": "利用できません",
        "DEVICE_NONEX": "この機器は晶泓会社の機器ではなく、操作を続行できません",
        "DEVICE_OFFLINE": "デバイスはオフラインです",
        "BLUETOOTH_LIST": "スキャンしたブルートゥースデバイス",
        "SETUP": "ネットワークの設定",
        "RESET": "リセット",
        "RESET_TIP": "この操作により、デバイス[{{name}}]の再生コンテンツがクリアされ、デフォルトの初期化ビデオが復元されます。リセットしてもよろしいですか？",
        "WIFI_ENABLED_TIP_IOS": "デバイスのネットワーク接続で携帯電話のWIFIをオンにする必要があります。オンにしますか？",
        "WIFI_PASSWORD_TIP": "8文字以上のパスワードを入力してください",
        "WIFI_CONNECTING": "{{name}}を接続しています...",
        "WIFI_CONNECT_FAILED2": "電話は画面に自動的に接続できません。システムのWIFIリストに移動して手動で{{ssid}}（パスワード{{pwd}}）に接続してから、APPインターフェイスに戻ってネットワーク設定を続行してください。",
        "WIFI_PASSWORD_EMPTY": "接続が暗号化されていない場合、このネットワークを介して送信したメッセージが他のユーザーに表示される可能性があります。接続しますか？",
        "WIFI_CONNECT_STR": "デバイスがネットワークに接続されたら、{{name}}のホットスポット{{ssid}}に接続する必要があります。{{name}}の電源がオンになっていて、電話がデバイスから10メートル以内にあることを確認してください。",
        "WIFI_CONNECT_BTN": "{{name}}を接続",
        "WIFI_MOBILE_DATA_TIP": "デバイス情報を取得できませんでした。電話の4Gデータネットワークを閉じて、もう一度お試しください",
        "BLUETOOTH": "ブルートゥースオーディオ",
        "BLUETOOTH_PAIR": "ブルートゥースペアリング",
        "BLUETOOTH_SCANNING": "ブルートゥースをスキャンしています...",
        "BLUETOOTH_PAIRING": "{{name}}とペアリングしています...",
        "BLUETOOTH_CONNECT": "接続",
        "BLUETOOTH_CONNECTED": "接続済み",
        "BLUETOOTH_CONNECT_TIP": "ブルートゥースデバイス{{name}}の電源がオンになっていて、画面までの距離が10メートル以内であることを確認してください",
        "BLUETOOTH_CONNECT_FAIL": "接続に失敗しました。ブルートゥースデバイスが画面から10メートル以内にあることを確認してください",
        "BLUETOOTH_DISCONNECT_TIP": "ブルートゥース接続を切断してもよろしいですか？",
        "BLUETOOTH_EMPTY": "近くにブルートゥースデバイスがありません",
        "DEVICE_MODE": "デバイスモードを切り替えます",
        "DEVICE_POWER_TIP": "デバイスが起動しない可能性があります。電源を確認するかデバイスを起動してから、インターフェースを更新してネットワーク接続の設定を完了してください",
        "SCREEN_NUM_SETUP": "スクリーンスプライスの数",
        "REPORT_MSG": "地図上で場所をマークしてください",
        "WIFI_CONNECT_INPUT": "デバイスのホットスポット名を入力してください",
        "DEVICE_SAMENAME": "同じ名前のホットスポットが複数あります。次のパスワードをお試しください",
        "SHARE": "共有プレイ",
        "SHARE_TYPE1": "標準モデル",
        "SHARE_TYPE2": "比例モード",
        "SHARE_EXISTS": "ユーザーは承認されています",
        "SHARE_INPUT_TIP": "キーワードを入力",
        "SHARE_EMPTY": "まだ承認されたユーザーはいません",
        "SHARE_RATIO_TITLE": "許可された再生率",
        "SHARE_USER_TITLE": "許可ユーザー",
        "SHARE_RATIO_MY": "自成比例",
        "SHARE_TIP": "指示の共有",
        "SHARE_USER_NOTEXIST": "アカウントは存在しません",
        "SHARE_TIPS": "1. 1つのデバイスは1つの認証モードしか選択できません <br>2.スイッチモードが保存された後、最後に許可されたユーザー情報が消去されます <br>3.比例モードでは、1つのデバイスは1人のユーザーにのみ許可されます",
        "MAP_NOGPS": "位置情報を取得できませんでした。GPSの許可を確認するか、GPSが有効になっているかどうかを確認してください",
        "WIFI_FORGET": "忘れた",
        "WIFI_FORGET_CONFIRM": "WIFI接続を忘れますか",
        "PERMISSION_GPS_TIP": "ネットワークに接続する場合、ネットワークとGPS操作権限が必要です。権限授与をしないと、続いて操作できません",
        "HDMI_SWITCH": "HDMIを適用",
        "HDMI_POSITION": "HDMIのスクリーン出力位置",
        "CLOCK_TITLE": "クロック状態",
        "CLOCK_COLOR": "テキストの色",
        "CLOCK_BGCOLOR": "背景色",
        "CLOCK_BOLD": "フォントの太さ",
        "CLOCK_PANEL": "第{{num}}個のスクリーンで表示します。",
        "CLOCK_DISPANEL": "スクリーン数を占める",
        "CLOCK_TYPE": "表示モード",
        "CLOCK_FULL": "完全な日付",
        "CLOCK_TYPE_OPT1": "常に表示",
        "CLOCK_TYPE_OPT2": "定時に時報を打つ",
        "CLOCK_CLOSE": "時計を切る",
        "CLOCK_OPEN": "時計を保存",
        "COUNTDOWN_TITLE": "カウントダウン",
        "COUNTDOWN_HOUR": "カウントダウン時間",
        "COUNTDOWN_MINUTE": "カウントダウン時間分",
        "COUNTDOWN_START": "開始時間",
        "COUNTDOWN_END": "終了後に00:00を表示します",
        "COUNTDOWN_CLOSE": "カウントダウンをオフにします",
        "COUNTDOWN_STARTNOW": "すぐに開始",
        "SCREEN_ROTATE": "画面が180度回転します",
        "SENSOR_TITLE": "センサー情報",
        "SENSOR_MASTER": "メインセンサー",
        "SENSOR_SLAVE": "センサから",
        "SENSOR_TEMP": "温度",
        "SENSOR_HUMIDITY": "湿度",
        "SENSOR_BRIGHTNESS": "環境の明るさ",
        "SENSOR_SWITCH": "切り替え",
        "SENSOR_AUTOBRIGHT": "自動輝度",
        "DEVICE_EMPTY": "デバイスが追加されていないかもしれません。",
        "SCANQR_TITLE": "QRコードをスキャンする",
        "SCANQR_INPUT": "手動入力",
        "UPGRADE_CONFIRM": "設備のアップグレードには1-2分ぐらいかかりますが、アップグレード中は電源が切れません。アップグレードを確定しますか？",
        "UPGRADE_SEND_SUCCESS": "アップグレード要求を送信しました。デバイスのアップグレードを待ってください。"
    },
    "PUBLISH": {
        "SCHEDULE_TIPS": "1. 選択された日付モデルの色は、カレンダーに標記される可能。<br> 2. 日付モデルの色を切り替えるには、カレンダーに改めて標記する可能。<br> 3. カレンダーにスライドするには、色を標記する可能。<br> 4. 日付モデルの色を選択外す可能で、またはカレンダーをクリックして、標記をキャンセルする可能。<br> 5. 設定ボタンをクリックして、もっと多くの日付モデルを修正、追加する可能。",
        "TITLE": "放送",
        "BTN_PUBLISH": "リリースします",
        "LIST_TITLE": "番組リスト",
        "LIST_NODATA": "まだ番組リストがありません。追加へ",
        "LIST_ADD_TITLE": "番組リストを追加",
        "LIST_EMPTY": "まだ番組リストがありません。「∔」をクリックして作成します",
        "LIST_DETAIL_EMPTY": "まだ放送内容が選択されません。「∔」をクリックして追加します",
        "LIST_TOTAL_TIME": "番組リストの時間：{{time}}s",
        "DEVICE_TITLE": "設備のステータス",
        "DEVICE_NODATA": "まだ放送設備がありません。追加へ",
        "DEVICE_LIST_EMPTY": "まだ放送設備がありません。右上の「∔」をクリックして追加します",
        "DETAIL_LAST": "最後のリリース",
        "DETAIL_LAST_TIME": "リリース時間",
        "DETAIL_TITLE_LIST": "現時点の放送の番組リスト",
        "DETAIL_TITLE_SCHEDULE": "現時点の放送のスケジュール",
        "DEVICE_STATE_TITLE": "放送ステータス",
        "PUSH_PREVIEW": "番組プレビュー",
        "PUSH_SEND": "プッシュ",
        "PUSH_STEP1": "設備を選択します",
        "PUSH_STEP2": "番組リストを選択します",
        "PUSH_STEP3": "プッシュの放送",
        "PUSH_DEVICE_MODE": "グループで表示",
        "PUSH_TAB_PROGRAM": "番組リストによって放送",
        "PUSH_TAB_SCHEDULE": "スケジュールによって放送",
        "PUSH_PLAY_TYPE": "放送方式",
        "PUSH_ALLTIME": "循環放送",
        "PUSH_ONETIME": "一回に放送",
        "PUSH_OK": "送信成功",
        "PUSH_FAILED": "送信が失敗で、後でやり直してください！",
        "PUSH_STATUS_OK": "プッシュ成功",
        "DETAIL_EMPTY": "この設備には、まだ放送情報がありません",
        "PUSH_STATUS_OFFLINE": "設備がオフライン",
        "PUSH_STATUS_WAIT": "プッシュ待ち",
        "PUSH_LIST_EMPTY": "まだ番組リストがありません。先に作成してください",
        "PUSH_DEVICE_EMPTY": "まだ設備が追加されていません",
        "PUSH_SCHEDULE_MSG": "モデルの色を選択して、カレンダーに標記してください",
        "PUSH_STATUS_FAILED": "プッシュ失敗",
        "DEVICE_PREVIEW_TITLE": "プレビューの設備を選択します",
        "LIST_NAME_LIMIT": "番組の名称は2〜30文字です",
        "PUSH_TITLE": "放送リリース",
        "ADD_PROGRAM_NAME": "プログラム名",
        "ADD_PROGRAM_SCREEN_ORIENTATION": "スクリーンスプライス方式",
        "ADD_PROGRAM_SCREEN_NUM": "スクリーンスプライスの数",
        "ADD_PROGRAM_SCREEN_NUM_TIP": "スクリーンスプライスの数を選択してください",
        "DETAIL_RATIO": "プレー比率",
        "PUSH_TAB_PLAYLIST": "プログラムで流す"
    },
    "DAYMODEL": {
        "TITLE": "日付モデル",
        "NODATA": "日付モデルがありません。追加へ",
        "NODATA_DETAIL": "日付モデルがありません…",
        "NODATA_LIST": "<b>{{name}}</b>日付モデルには、番組リストががありません。追加しますか？",
        "MAX_LIMIT": "日付モデルが最大限になりました",
        "ISUSE": "この日付モデルが使用中です",
        "NAME_EMPTY": "日付モデルの名称がブランクになりません",
        "NAME_EXISTS": "日付モデルの名称がすでに存在しました",
        "EDIT_DEFAULT_TITLE": "デフォルトの番組リスト",
        "EDIT_CHOOSE": "番組リストを選択します",
        "ITEM_INCOMPLETE": "{{item}}番目の項目が完全に記入されていません",
        "ITEM_NO_PLAYLIST": "{{item}}番目の番組リストを選択してください",
        "ITEM_NO_TIMESLOT": "{{item}}番目の時間帯を設定してください",
        "ITEM_ETIME_GT_STIME": "{{item}}番目の終了時間が開始時間より早くなりません",
        "ITEM_STIME_LT_ETIME": "{{item}}番目の開始時間が終了時間より遅くなりません ",
        "ITEM_TIME_OVERLAP": "{{item}}番目の時間と重複しました  ",
        "ITEM_TIME_EXIST": "{{item}}番目の時間と矛盾しました",
        "ITEM_MAX_LIMIT": "時間ラインの数量が最大限になりました",
        "NAME_TOLONG": "日付モデルの文字数は{{num}}を超えていけません",
        "ADD_TITLE": "新しいモデルの名称を追加してください",
        "ADD_TITLE_MSG": "日モードの名前の長さは2-20文字です。"
    },
    "CONTENT": {
        "TITLE": "番組の内容 ",
        "PROGRAM_TITLE": "番組のライブラリー",
        "MATERIAL_TITLE": "素材ライブラリー",
        "SELECTOR_TITLE": "レビュー済みの番組",
        "SELECTOR_DIY_TITLE": "私のDIY番組",
        "USER_TITLE": "私の番組",
        "PUBLIC_TITLE": "会社の番組",
        "VIDEO_UPLOAD": "ビデオをアップロードする",
        "TPL_AUDIT1": "初回レビュー待ち",
        "TPL_AUDIT2": "初回レビュー却下",
        "TPL_AUDIT3": "初回レビュー合格",
        "TPL_AUDIT4": "最終レビュー却下",
        "TPL_AUDIT5": "最終レビュー合格",
        "UPLOAD_VIDEO_TITLE": "ビデオをアップロードします",
        "UPLOAD_VIDEO_NAME": "ビデオ名称",
        "UPLOAD_ING": "アップロード中({{num}}%)...",
        "UPLOAD_TEXT_TIP": "ビデオ番組の名称を入力してください",
        "UPLOAD_BTN_VIDEO": "ビデオを選択してください",
        "UPLOAD_BTN": "アップロードを開始します",
        "UPLOAD_CAMERA": "写真撮り",
        "UPLOAD_IMAGE_TITLE": "イメージをアップロードします",
        "EMPTY_DATA": "現在はデータがありません。番組を作成し、またはストアで番組をカスタマイズしてください",
        "REMARK_TIP": "オーダーのコメントを入力してください",
        "UPLOAD_ORDER_SUBMIT": "",
        "USER_MATERIAL": "私の素材",
        "PUBLIC_MATERIAL": "会社の素材",
        "EMPTY_MATERIAL_DATA": "現在はデータがありません。ストアで素材を購買してください",
        "UPLOAD_VIDEO_LIMIT": "アップロードするビデオは、20Mを超えてはいけません",
        "UPLOAD_IMAGE_PNG": "PNG透明図をアップロードします",
        "UPLOAD_IMAGE_ORDER": "イメージ取出しのオーダーをアップロードします",
        "UPLOAD_ORDER_CUTOUT": "取出しの原図",
        "UPLOAD_IMAGE": "イメージをアップロードします",
        "UPLOAD_ORDER_TITLE": "取出しのオーダー確認",
        "UPLOAD_VIDEO_SIZE": "ビデオサイズ",
        "UPLOAD_ORDER_CONFIRM": "注文を作成しますか？",
        "UPLOAD_ORDER_CONFIRM_PAY": "支払いのために1 Nコインを差し引いてもよろしいですか？",
        "UPLOAD_RESELECT": "再アップロード",
        "SUPPORTED_EXT": "PNG、JPEG画像形式をアップロードしてください",
        "DIY_TITLE": "DIYショー",
        "VIDEO_TITLE": "ビデオショー",
        "USER_VIDEO": "私のビデオ",
        "PUBLIC_VIDEO": "会社のビデオ",
        "SCREEN_NUM": "{{num}}個画面",
        "VIDEO_SCREEN_EDIT": "属性を変更",
        "CONTENTS_TITLE": "プログラム管理"
    },
    "STORE": {
        "TAB_ALL": "すべて",
        "TAB_DIY": "DIY",
        "TAB_TEXT": "文字",
        "TAB_ANIM": "アニメーション",
        "TAB_VID": "ビデオ",
        "TAB_CUS": "カスタマイズ",
        "SEARCH_TIP": "検索",
        "LIST_VIDEO_BASE": "標準のビデオ",
        "LIST_VIDEO_CUS": "カスタマイズのビデオ",
        "LIST_TEXT_BASE": "標準文字",
        "LIST_TEXT_CUS": "カスタマイズの文字",
        "FILTER_TITLE": "洗い出し",
        "PRICE": "価格",
        "PRICE_FREE": "無料",
        "PRICE_MIN": "最低価格",
        "PRICE_MAX": "最高価格",
        "PRICE_WANING": "最高の価格は最低の価格より低くなりません",
        "SAVE_TYPE_SELECT": "カスタマイズビデオの番組属性を選択してください",
        "BUY_SUCCESS": "オーダーの処理が成功です。オーダー番号{{sn}}のビデオが番組リストにコピーされました",
        "BUY_ORDER_CANCEL": "オーダー番号#{{sn}}が作成されました。アカウントセンター>オーダーセンターに再支払うことが可能です",
        "BUY_ORDER_SUCCESS": "オーダー提出が成功で、オーダー番号が#{{sn}}です。「アカウント」>オーダーに現在のオーダーの制作情報を追跡する可能です",
        "BUY_PURCHASED": "この番組がオーダー中になり、アカウント>オーダーに確認できます",
        "BUY_BALANCE_INSUFFICIENT": "アカウントには、バランスが不足で、まずはチャージしてください",
        "EMPTY_DATA": "データがありません。編集器に素材DIYを追加してください",
        "TAB_PIC": "イメージ",
        "BUY_TYPE_TRUE": "私の番組として購買します",
        "BUY_TYPE_FALSE": "会社の番組として購買します",
        "DETAIL_BTN_PREVIEW": "設備でプレビュー",
        "DETAIL_BTN_CUS": "カスタマイズ",
        "DETAIL_BTN_DIY": "DIY",
        "DETAIL_BTN_ORGIMG": "元の画像を閲覧する",
        "DETAIL_TO_STORE": "店に開く",
        "DETAIL_BTN_CUT": "マッピングサービス",
        "DETAIL_BTN_ORDER": "注文の詳細",
        "DETAIL_BTN_BUY": "購入する",
        "DETAIL_NOPAY": "支払い待ち",
        "DETAIL_COLLECTED": "お気に入り",
        "DETAIL_BOUGHT": "購入しました",
        "DETAIL_BTN_FAV": "コレクション",
        "DESIGNER": "デザイナー",
        "INPUT_TEXT_TIP": "各カスタムテキストの長さは1〜16桁である必要があります",
        "INPUT_IMAGE_TIP": "置き換える画像を選択してください",
        "DETAIL_BTN_DESIMG": "プレビュー切り抜き",
        "TAB_BGROUND": "バックグラウンド"
    },
    "H5EDITOR": {
        "TITLE": "DIY",
        "NO_PERMISSION": "保存の権限がありません。まずは管理者にご連絡ください",
        "SLIDER_EMPTY": "スライドに内容を追加してください",
        "NAV_ADD_TEXT": "テキストを追加します",
        "POP_ITEM_TXT": "文字を編集します",
        "POP_ITEM_DUP": "コピー",
        "POP_ITEM_FULL": "敷き詰める",
        "POP_ITEM_BTF": "最初に移動します",
        "POP_ITEM_BTB": "最後に移動します",
        "POP_ITEM_LOC": "ロック",
        "POP_ITEM_ULO": "リリース",
        "POP_ITEM_DEL": "削除",
        "SAVE_TITLE": "番組を保存します",
        "SAVE_SUBTITLE": "保存名称を入力してください",
        "SELECTOR_TAB_FAV": "お気に入り",
        "SELECTOR_TAB_BOUGHT": "購買済み",
        "SAVE_TYPE": "保存方式を選択してください",
        "NAV_ADD_IMAGE": "ストアから追加します",
        "NAV_ADD_USER": "素材ライブラリーから追加します",
        "SELECTOR_TAB_MY": "私の",
        "SELECTOR_TAB_PUB": "会社",
        "SELECTOR_USER2": "私の素材ライブラリー",
        "SELECTOR_STORE": "ストア素材",
        "START_RECENT": "最近のDIY",
        "START_MORE": "詳細",
        "EMPTY_RECENT": "まだ履歴がありません。ボタンをクリックしてDIYを開始してください...",
        "START_DIY": "開始DIY",
        "OBJECTS_LIMIT": "最大{{num}}つのクリップしか追加できません",
        "SELECT_VIDEO_TITLE": "ビデオを選択",
        "SELECT_PICTURE_TITLE": "写真を選択",
        "ADD_VIDEO": "ビデオスタイル",
        "ADD_SLIDE": "スライドスタイル",
        "ADD_DIY": "フリースタイル",
        "NO_SLIDES": "まだ素材が追加されていません",
        "SELECTOR_USER1": "バックグラウンドライブラリ",
        "ADD_CONTENT": "DIYプログラムを作成します",
        "SELECT_SCREEN": "画面タイプを選択してください",
        "SLIDE_TITLE": "スライド",
        "SLIDE_TOTAL_TIME": "総放送時間",
        "SLIDE_PLAY": "プレビューを再生します",
        "SLIDE_TRANS_SELECT": "遷移効果を選択してください",
        "SLIDE_THUNMP_TIP": "「はさみ」をクリックして、再生中にカバー画像をキャプチャします",
        "BTN_ADD_TEXT": "テキストを追加",
        "BTN_ADD_IMAGE": "画像を追加",
        "BTN_BACKGROUD": "背景設定",
        "BTN_EDITOR": "材料編集",
        "BTN_TIMELINE": "登場時間",
        "BTN_PREVIEW": "プレビュー",
        "PLAYER_TITLE": "プレビューを再生します",
        "PREVIEW_TITLE": "デバイスで再生",
        "PLAYED_HIDE": "再生後に非表示にする",
        "POP_ITEM_NOFULL": "オリジナル",
        "ADD_SCROLL": "ワードプログラムを作成",
        "BTN_SPRITE": "素材を追加",
        "BTN_SLIDERS": "スライド"
    },
    "EDITOR_TEXT": {
        "TITLE": "文字編集",
        "TAB_TYPEFACE": "フォント",
        "TAB_EFFECT": "効果",
        "TAB_ANIMATION": "アニメーション",
        "INPUT_TITLE": "文字を入力してください",
        "INPUT_TOLONG": "文字数が{{num}}以内にしてください",
        "FONT_SIZE": "文字サイズ",
        "SHADOW_COLOR": "影の色",
        "OUTLINE": "透かし彫り",
        "BORDER_COLOR": "枠の色",
        "BORDER_WIDTH": "枠の太さ",
        "BORDER_BACKGROUND": "枠の背景",
        "BORDER_DOTTED": "点線",
        "BORDER_SOLID": "実線",
        "PLAY_2TIMES": "2回に放送",
        "TEXT_SCATTER": "文字分散",
        "PLAY_1TIMES": "1回に放送",
        "PLAY_3TIMES": "3回に放送",
        "PLAY_4TIMES": "4回に放送",
        "PLAY_REPEAT": "重複の放送",
        "ANIM_IN": "入場",
        "ANIM_FLYIN": "飛び入り参加",
        "ANIM_OUTIN": "入場と出場",
        "ANIM_FLIP": "反転する",
        "ANIM_ROLLED": "転げ回る",
        "ANIM_ROTATE": "回転",
        "ANIM_SWING": "揺れる",
        "ANIM_JUMP": "跳躍する",
        "ANIM_PRINT": "タイプ",
        "ANIM_ZOOM": "縮小する",
        "ANIM_LEFT_BOUNCE": "左弾み",
        "ANIM_DROP_BOUNCE": "落下弾み",
        "ANIM_EMPTY": "アニメーションなし",
        "FONT_SELECT_TITLE": "フォントを選択",
        "SPRITE_TITLE": "材料編集",
        "TAB_TEXT": "テキスト",
        "FONT_TEXT": "テキストコンテンツ",
        "FONT_STYLE": "フォントスタイル",
        "ALPHA": "透明性",
        "TEXT_PLAYTIMES": "動画回数",
        "TEXT_MOVE": "テキストの動き",
        "MOVE_SPEEK_FAST": "速い",
        "MOVE_SPEEK_SLOW": "スロー",
        "GRADIENT": "グラデーションタイプ",
        "GRADIENT_NO": "勾配なし",
        "GRADIENT_YES": "設定勾配によると",
        "GRADIENT_RAND": "ランダムグラデーション",
        "FONT_SPACE": "フォントの間隔",
        "FONT_MOVE_STYLE": "スタイルの方向",
        "TEXT_MOVE_SPEED": "スクロール速度",
        "MOVE_SPEEK_SLOWEST": "一番遅いです",
        "MOVE_SPEEK_STANDARD": "標準速度",
        "TEXT_SCROLL_TIMETIP": "最初の最後の相互接続の循環は100回を下回ってはならない。",
        "TEXT_SCROLL_NUMTIP": "循環回数は0回以上でなければなりません。",
        "TEXT_SCROLL_NUM": "サイクル数",
        "TEXT_SCROLL_LINK": "首尾相接する",
        "TEXT_SCROLL_LOOP": "ループ",
        "TEXT_SCROLL_ONCE": "一度",
        "TEXT_SCROLL_TYPE": "スクロールの種類",
        "MOVE_SPEEK_FASTEST": "最速"
    },
    "EDITOR_IMAGE": {
        "TITLE": "イメージ編集",
        "NAV_CHOOSE": "選択",
        "NAV_ROTATE": "回転",
        "NAV_MAGIC": "イメージ取出し",
        "NAV_CORP": "切り取る",
        "NAV_FLIP": "ミラー",
        "NAV_YES": "確定",
        "NAV_COLOR": "色付け",
        "NAV_TOLERANCE": "許容",
        "NAV_UNDO": "撤去",
        "NAV_REDO": "回復",
        "NAV_REMOVE": "除去",
        "NAV_CUT": "切抜",
        "NAV_FROM_ALBUM": "アルバムから選択",
        "NAV_FROM_CAMERA": "写真撮り",
        "NAV_FROM_TRANS": "PNG透明イメージを選択",
        "ALERT_PICTURE": "選択して、または写真を撮ります",
        "ALERT_NOEDIT": "いずれのイメージを編集していません",
        "ALERT_COLOR": "イメージをクリックして、色付けます",
        "ALERT_REQUIRED_CUT": "イメージのサイズが{{width}}*{{height}}を超えて、まずは編集してください"
    },
    "ACCOUNT": {
        "NICKNAME": "名称",
        "NICKNAME_TITLE": "ニックネームを変更します",
        "COUNTRY": "国/地域",
        "COUNTRY_EDIT_TIP": "国/地域を <b>{{name}}</b>に修正しますか",
        "PASSWORD_TITLE": "パスワード修正",
        "PASSWORD_OLD_TIP": "現時点のパスワードを入力してください",
        "PASSWORD_NEW_TIP": "新しいパスワードを入力してください",
        "PASSWORD_NEW2_TIP": "確認パスワードを入力してください",
        "PASSWORD_OLD_ERR": "古いパスワードが8-16桁の文字です",
        "PASSWORD_NEW_ERR": "新規パスワードが8-16桁の英字＋数字です",
        "PASSWORD_NO_PWD": "パスワードが設定されていません",
        "PASSWORD_INIT": "初期パスワードを変更してください",
        "USERNAME": "アカウント名",
        "FIRSTNAME": "名前",
        "LASTNAME": "姓",
        "CHANGE_MOBILE": "電話番号を変更",
        "CHANGE_EMAIL": "メールを変更",
        "PROFILE_INFO": "基本資料",
        "PROFILE_SAFE": "アカウント安全",
        "VERIFY_TITLE": "ダブル因子認証",
        "VERIFY_TYPE": "認証方式",
        "VERIFY_BTN": "検証コードを取得",
        "VERIFY_SEND": "検証コードが送信され、ご査収ください",
        "VERIFY_TIP": "6桁の数字の検証コードを入力してください",
        "VERIFY_TYPE_MOBILE": "携帯電話の検証コードで検証",
        "VERIFY_TYPE_EMAIL": "メールの検証コードで検証",
        "VERIFY_ONENABLE": "適用されない",
        "VERIFY_COUNTRY_TIP": "ダブル因子認証を適用する後に、国・地区を変更できません",
        "VERIFY_ENABLE_TIP": "携帯電話、またはメールで検証した後に、ダブル因子認証を適用できます。認証しますか？",
        "MOBILE_TITLE": "バンドル済みの携帯番号を検証",
        "MOBILE_OLD": "現在の携帯番号",
        "MOBILE_TIP": "携帯番号を入力してください",
        "MOBILE_TIP_NEW": "新しい携帯番号を入力してください",
        "MOBILE_CHECK_TIP": "正しい格式の携帯番号を入力してください",
        "EMAIL_TITLE": "バンドル済みのメールを検証",
        "EMAIL_OLD": "現在のメール",
        "EMAIL_TIP": "メールを入力してください",
        "EMAIL_TIP_NEW": "新しいメールを入力してください",
        "EMAIL_CHECK_TIP": "正しい格式のメールを入力してください",
        "LOGOUT": "ログアウト",
        "PASSWORD_REST_OK": "パスワードリセットが成功して",
        "PROFILE_TITLE": "アカウントの設定",
        "ABOUT_ADDRESS": "連絡先：<br/>深セン市坪山新区大工業区青蘭一路8号",
        "WALLET_TITLE": "私の財布",
        "WALLET_BALANCE": "現在残高",
        "WALLET_RECHARGE": "チャージ",
        "WALLET_RECORD": "",
        "WALLET_NORECORD": "まだ取引データがありません。",
        "WALLET_RECORD2": "消費する",
        "WALLET_RECORD3": "払い戻す",
        "WALLET_RECORD5": "贈呈する",
        "WALLET_WEIXIN": "WeChatで支払う",
        "WALLET_ALIPAY": "アリペイを支払う",
        "WALLET_CARD": "クレジットカード",
        "WALLET_TYPE": "財布のチャージ",
        "WALLET_SUCCESS": "財布のチャージが成功しました",
        "WALLET_TRANS_AMOUNT": "取引金額",
        "WALLET_TRANS_COIN": "金貨を取引する",
        "CHANGE_USERNAME_TIP": "アカウント名は一回だけ変更できます。本当に変更しますか？",
        "CHANGE_USERNAME": "アカウント名を変更",
        "CHANGE_NAME": "名前を改める",
        "ITEM_VERSION": "アプリバージョン",
        "ITEM_SERVICE": "について",
        "ITEM_LANG": "言語",
        "ITEM_NETWORK": "デバイスのネットワーク化",
        "ITEM_DEVICE": "デバイス",
        "ITEM_ORDER": "注文書",
        "ITEM_WALLET": "財布",
        "BTN_LOGOUT": "ログインを終了します",
        "ABOUT_COMPANY": "＜b＞深セン市晶泓科技有限公司</b>は、国際ブランドの名前はNEXNOVOで、2011年に設立されました。本社は深圳にあり、北京、上海に事務所があり、生産面積は1万平方メートルに近いです。晶泓科技はずっと透明LEDディスプレイの研究開発、生産と販売に専念しています。ISO 9001国際品質体系認証、ISO 14001環境管理体系認証を通じて、国内外の多くの特許を持っています。2017年XTシリーズの製品は国際工業設計IF大賞を獲得しました。晶泒科技は業界内で高い知名度とブランドの名誉度を持っています。",
        "ABOUT_COPYRIGHT": "版権所有NEXNOVO",
        "ABOUT_WEBSITE": "公式サイト:<a target='_blank' href='http://www.nexposter.com'>www.nexposter.com</a>",
        "ABOUT_SALE_EMAIL": "メールボックス:<a href='mailto:service@nexnovo.com'>service@nexnovo.com</a>"
    },
    "WALLET": {
        "RECORD_DETAIL_TITLE": "取引詳細",
        "RECORD_DETAIL_NO": "オーダー番号",
        "RECORD_DETAIL_DATE": "時間",
        "RECORD_DETAIL_CURRENCY": "通貨タイプ",
        "RECORD_DETAIL_AMOUNT": "取引金額",
        "RECORD_DETAIL_COINS": "取引コイン",
        "RECORD_DETAIL_BALANCE": "ウォレットのバランス",
        "RECORD_COINS": "コイン"
    },
    "ORDER": {
        "DETAIL_ORDER_CONFIRM": "確認で合格の場合、このビデオがあなたの番組にコピーされます",
        "DETAIL_BTN_PREVIEW": "設備でプレビュー",
        "DETAIL_BTN_REMARK": "修正意見を提出します",
        "DETAIL_BTN_CONFIRM": "合格を確認します",
        "DETAIL_CONFIRM_TIP": "オーダー完了を確認します",
        "DETAIL_CONFIRM_NOAMOUNT": "バランスが不足です",
        "DETAIL_CANCEL_TIP": "オーダー{{sn}}をキャンセルしますか？",
        "DETAIL_MODIFY_MSG": "個人の修正意見を入力してください",
        "CONFIRM_TITLE": "購買確認",
        "CONFIRM_ORDER_MSG": "ご購入いただいた{{orderItemsCount}}をご確認ください。{{orderAmount}} Nコインを支払ってください",
        "SUBMIT": "オーダー提出",
        "ORDER_NUMBER": "オーダー番号",
        "ORDER_AMOUNT": "オーダー金額",
        "SUBMIT_PAY": "支払い確認",
        "ORDER_TYPE": "注文タイプ",
        "ORDER_STATUS": "注文状況",
        "ORDER_GOODS_DETAIL": "製品の詳細",
        "TITLE": "私の注文",
        "ORDER_REMARK": "注文メモ",
        "BTN_COMPLETE": "合格を確認します",
        "BTN_REWORK": "修正意見を提出します",
        "ORDER_PAYED": "イメージ取出しのオーダーが支払い済みで、設計者の処理をお待ちください",
        "TITLE_DETAIL": "注文の詳細",
        "STATE_PENDING": "支払い待ち",
        "STATE_PAID": "有料",
        "STATE_PUSH": "アップロード済み",
        "STATE_SCANCEL": "タイムアウトしました",
        "STATE_UCANCEL": "キャンセル済み",
        "STATE_REWORK": "改訂",
        "STATE_REPUSH": "もう一度アップロード",
        "STATE_FINISH": "完成しました",
        "STATE_REFUND": "取引に失敗しました",
        "STATE_REINFO": "データが一致しません",
        "STATE_START": "作り始める",
        "BTN_CANCEL": "注文をキャンセルする",
        "BTN_MODIFY": "注文を変更",
        "DETAIL_ORDER_CONFIRM6": "この画像は元の画像を置き換えます。",
        "DETAIL_ORDER_CONFIRM5": "コンテンツがライブラリにコピーされます。",
        "DETAIL_ORDER_CONFIRM1": "このビデオはプログラムライブラリにコピーされます。",
        "ORDER_EMPTY": "まだ注文していません"
    },
    "SIGNIN": {
        "TITLE": "ログイン",
        "LOGGING": "ログイン中",
        "REGING": "アカウントの作成中",
        "LOGIN_FAILED": "ログインに失敗",
        "USERNAME": "アカウント名/メール",
        "EMAIL": "メール",
        "PASSWORD": "パスワード",
        "PASSWORD_CONFIRM": "確認パスワード",
        "PASSWORD_CONFIRM_FAILED": "確認パスワードが不一致です",
        "PASSWORD_ERR": "アカウント名、またはパスワードが間違いました",
        "LOGIN_BTN": "ログイン",
        "REG_TITLE": "登録",
        "REG_BTN": "アカウントを作成します",
        "REG_FIRST_NAME": "名称",
        "REG_FIRST_NAME_MSG": "名前を入力してください",
        "REG_LAST_NAME": "名字",
        "REG_LAST_NAME_MSG": "名字をご入力ください",
        "REG_COUNTRY": "国/地域",
        "REG_COUNTRY_MSG": "国/地域を選択してください",
        "REG_PASSWORD_MSG": "8-16桁の英数字の組み合わせのパスワードを入力してください",
        "REG_PASSWORD_CONFIRM_MSG": "2回に入力されたパスワードが一致すると確認してください",
        "REG_USERNAME_TIP": "アカウント名とメールを入力してください",
        "REG_USERNAME_MSG": "アカウント名が8-40の英数字にしてください",
        "REG_EMAIL_MSG": "正しいメールを入力してください,かつ、長さは40文字を超えてはいけません。",
        "VERIFY": "検証コード",
        "LOGIN_AUTHORIZED": "第三者ログイン",
        "LOGIN_WECHAT": "ウィーチャット認証でログイン",
        "LOGIN_FACEBOOK": "Facebookでログイン",
        "LOGIN_NOUSER": "アカウントを作成する",
        "LOGIN_FORGET": "パスワードを忘れた",
        "AUTH_FIRST_TIP": "すでにアカウントをお持ちの場合は、「既存のアカウントをバインドする」を選択し、「私は新しいユーザーです」を選択して直接ログインします",
        "AUTH_BIND": "既存のアカウントをバインドします",
        "AUTH_LOGIN": "私は新しいユーザーです",
        "AUTH_SUBMIT": "バインディングを送信",
        "REG_SUCCESS": "アカウントが正常に作成され、ログインできます",
        "MOBILE": " 携帯番号",
        "LOGIN_VERIFY": "セキュリティ検証",
        "FORGET_TIP": "忘れたパスワードはここで探し出せます。案内の手順に従ってパスワードをリセットしてください。",
        "FORGET_NOUSERNAME": "このアカウント名が無効です",
        "FORGET_PHONE_ERR": "この携帯番号が無効です",
        "FORGET_EMAIL_ERR": "このメールが無効です",
        "FORGET_INPUT_EMAIL": "バンドル済みのメールで受け取った検証コードを入力してください",
        "FORGET_INPUT_PHONE": "バンドル済みの携帯電話で受け取った検証コードを入力してください",
        "FORGET_INPUT_CODE": "受け取った検証コードを入力してください",
        "FORGET_RESET_PWD": "パスワードリセット",
        "FORGET_RESET_OK": "パスワードリセットが成功して、再ログインしてください",
        "VERIFY_NOINFO_EMAIL": "あなたのアカウントはすでにメール認証を開いています。認証コードを受信できない場合、またはメールボックスを交換した場合は、管理者に連絡してください。",
        "VERIFY_NOINFO_PHONE": "あなたのアカウントはすでに携帯認証を開いています。認証コードを受信できない場合、または携帯番号を変更した場合は、管理者に連絡してください。"
    },
    "PUBLIC": {
        "OK": "承知しました",
        "LOADING_FAILED": "ロードに失敗で、もう一度やり直してください",
        "LOADING": "ロード中…",
        "WAITING": "お待ちください…",
        "SECOND": "秒",
        "RESET": "リセット",
        "BACK": "戻る",
        "SEND": "送信",
        "OPEN": "開く",
        "NEW": "新規作成",
        "DONE": "完了",
        "SAVE": "保存",
        "EDIT": "編集",
        "ADDTO": "追加",
        "ADD": "新規追加",
        "CANCEL": "取消",
        "YES": "確定",
        "Y": "はい",
        "N": "いいえ",
        "SAVE_OK": "保存しました",
        "SEND_FAILED": "送信が失敗で、後でやり直してください！",
        "SEND_OK": "送信成功！",
        "SAVE_FAILED": "保存が失敗で、後でやり直してください！",
        "RENAME": "改めて名前を付けます",
        "CHECK_NETWORK": "操作に失敗しました。ネットワークをチェックしてください！",
        "COPY": "コピー",
        "DELETE": "削除",
        "UPDATE": "更新",
        "DELETE_OK": "削除されました！",
        "DELETE_FAILED": "削除に失敗で。後でやり直してください！",
        "SELECTED": "選択済み",
        "TIPS": "ヒント",
        "CONFIRM": "確認要",
        "CONFIRM_TIPS": "続きますか",
        "CONFIRM_DELETE": "削除しますか",
        "CONFIRM_SAVE": "変更を保存しますか",
        "SETTING_OK": "設定に成功！",
        "COINS": "コイン",
        "RENAME_TITLE": "名称を修正します",
        "ONLINE": "オンライン",
        "OFFLINE": "オフライン",
        "CHECKALL": "全部選択",
        "STEP_NEXT": "次へ",
        "STEP_PREV": "戻る",
        "UPLOAD": "アップロード",
        "DETAIL": "詳細",
        "HELP": "ヘルプ",
        "HELP_TIP": "ヘルプ",
        "EMPTY": "現在はデータがありません",
        "EMPTY_TIP": "現在、データがありません。右上の\\「+\\」をクリックして追加します",
        "NOSAVE": "保存しない",
        "CREATE_TIME": "作成時間",
        "UPLOAD_OK": "アップロードしました！",
        "RES_FAILED": "リソースの読み込みに失敗しました。もう一度お試しください！",
        "GOTO_SETTING": "設定する",
        "MODIFY": "修正",
        "LANDSCAPE": "横方向",
        "PORTRAIT": "縦方向",
        "NET_DISCONNECT": "携帯電話ネットワークが切断されています。携帯電話ネットワークを確認してください！",
        "WIFI_DISCONNECT": "電話のWIFIが切断されています。電話のWIFIを確認してください！",
        "PERMISSION_TIP": "権限がないため、操作を続行できません！",
        "CLOSE": "オフ",
        "ENABLE": "オン",
        "CLEAR": "クリア",
        "DEFAULT": "デフォルト",
        "MORE": "詳細",
        "PREVIEW": "プレビュー",
        "LAST_PAGE": "もう最後のページです。"
    },
    "WELCOME": {
        "REG_PROTOCAL": "アカウントを作成するには、当社の||サービス条項||と||プライバシーポリシーを同意することと見なされます",
        "UPDATE_NEW": "新しいバージョン",
        "UPDATE_NEW_VERSION": "新しいバージョンがありますが、更新する必要がありますか？",
        "UPDATE_TIP": "更新をダウンロードしています（{{num}}％）...",
        "UPDATE_REBOOT": "アプリを再起動してください",
        "GUIDE_HELLO": "NexCloudへようこそ",
        "GUIDE_PAGE1": "NPシリーズ製品は、世界中のさまざまなウィンドウ広告で使用されている透明なLED電子ポスター画面と、中小規模の店舗や小売店のウィンドウ広告用の新しいオールインワンの透明ディスプレイソリューションです。",
        "GUIDE_PAGE2": "アイスクリーンシリーズは、業務用ドアヘッド、店頭窓口、標識などに使用されるガラス透明LED電子ドアヘッドスクリーンで、自在に拡張・設置が可能です。",
        "GUIDE_PAGE3": "デバイスのQRコードをスキャンし、対応する作業インターフェイスを入力してください",
        "GUIDE_SCANQR": "「コードをスキャン」をクリックします",
        "GUIDE_START": "体験しよう",
        "GUIDE_SETUP_TIP": "デバイス[{{name}}]はオフラインです。ネットワークはすぐに構成されますか？",
        "GUIDE_SETUP_YES": "今すぐ設定",
        "GUIDE_SETUP_NO": "後で設定",
        "GUIDE_SETUP_SKIP": "ガイドをスキップ",
        "GUIDE_SETUP_MODE": "作業モードの選択",
        "GUIDE_SETUP_MODE_TIP": "作業モードを一つ選択してください",
        "GUIDE_SETUP_MODE_MSG": "選択方法がわからない場合は、任意に選択でき、[アカウント> デバイス]で後で切り替えることができます",
        "GUIDE_MODE_NEXPOSTER": "NexPoster（ポスター画面モード）",
        "GUIDE_MODE_NEXESIGN": "NexEsign（ドアヘッドスクリーンモード）",
        "GUIDE_CHECK_STATUS": "ネットワークステータスを確認しています",
        "UPDATE_ERROR": "更新に失敗しました。後でやり直してください。"
    },
    "GUIDE": {
        "PUBLIC_SLIDELEFT": "左にスライドして、このデータを編集、または削除できます",
        "PUBLIC_MORE": "もっと多くの機能については、右上のボタンをクリックしてください",
        "CONTENT_NEW": "クリックで新規のDIY番組を作って見て",
        "CONTENT_UPVIDEO": "クリックして、新規のビデオ番組をアップロードして見て",
        "PLAYLIST_NEW": "この番組リストには、また番組がないで、クリックで追加しましょう",
        "PLAYLIST_SLIDELEFT": "左にスライドして、この番組をコピー、または削除でき、スライドしてソートできます",
        "DEVICES_SLIDELEFT": "左にスライドして、このデバイスを名前を付けます",
        "DEVICES_NEW": "クリックして、QRコードをスキャンすることで、新デバイスを追加できます",
        "EDITOR_ADDTEXT": "クリックして、文字をエディターに追加します",
        "EDITOR_ADDIMAGE": "クリックして、素材をエディターに追加します",
        "EDITOR_PLAY": "放送をクリックして、放送効果をプレビューします",
        "EDITOR_END": "クリックして、デバイスでプレービューし、またはDIYを保存します",
        "EDITOR_PREVIEW": "デバイスに送信してプレビューします",
        "EDITOR_SAVE": "クリックしてDIYを保存します"
    },
    "HELLO": "",
    "TAB_PUBLISH": "再生",
    "TAB_CONTENT": "内容",
    "TAB_STORE": "お店",
    "TAB_EDITOR": "エディタ",
    "TAB_ACCOUNT": "アカウント",
    "EXIT_APP": "アプリを終了しますか？",
    "COMP": {
        "CAL_WEEKS_START": "0",
        "CAL_WEEKS_SU": "日曜日",
        "CAL_WEEKS_MO": "月曜日",
        "CAL_WEEKS_TU": "火曜日",
        "CAL_WEEKS_WE": "水曜日",
        "CAL_WEEKS_TH": "木曜日",
        "CAL_WEEKS_FR": "金曜日",
        "CAL_WEEKS_ST": "土曜日",
        "CAL_MONTHS0": "1月",
        "CAL_MONTHS1": "2月",
        "CAL_MONTHS2": "3月",
        "CAL_MONTHS3": "4月",
        "CAL_MONTHS4": "5月",
        "CAL_MONTHS5": "6月",
        "CAL_MONTHS6": "7月",
        "CAL_MONTHS7": "8月",
        "CAL_MONTHS8": "9月",
        "CAL_MONTHS9": "10月",
        "CAL_MONTHS10": "11月",
        "CAL_MONTHS11": "12月"
    }
}