{
    "hello": "你好",
    "TAB_PUBLISH": "播放",
    "TAB_CONTENT": "内容",
    "TAB_STORE": "商店",
    "TAB_EDITOR": "编辑器",
    "TAB_ACCOUNT": "账户",
    "EXIT_APP": "是否要退出APP?",
    "COMP":{
        "CAL_WEEKS_START": 1,
        "CAL_WEEKS_SU": "周日",
        "CAL_WEEKS_MO": "周一",
        "CAL_WEEKS_TU": "周二",
        "CAL_WEEKS_WE": "周三",
        "CAL_WEEKS_TH": "周四",
        "CAL_WEEKS_FR": "周五",
        "CAL_WEEKS_ST": "周六",
        "CAL_MONTHS0": "一月",
        "CAL_MONTHS1": "二月",
        "CAL_MONTHS2": "三月",
        "CAL_MONTHS3": "四月",
        "CAL_MONTHS4": "五月",
        "CAL_MONTHS5": "六月",
        "CAL_MONTHS6": "七月",
        "CAL_MONTHS7": "八月",
        "CAL_MONTHS8": "九月",
        "CAL_MONTHS9": "十月",
        "CAL_MONTHS10": "十一月",
        "CAL_MONTHS11": "十二月"
    },
    "WELCOME": {
        "REG_PROTOCAL": "创建账户即表示您同意我们的||服务条款||和||隐私政策",
        "UPDATE_NEW": "有新版本",
        "UPDATE_NEW_VERSION": "检测到新版本，是否需要更新？",
        "UPDATE_TIP": "正在下载更新",
        "UPDATE_ERROR": "更新失败，请稍后重试！",
        "UPDATE_REBOOT": "升级成功，请重新启动APP",
        "GUIDE_HELLO": "欢迎使用NexCloud",
        "GUIDE_PAGE1": "NP系列产品为透明LED电子海报屏，应用于全球各种橱窗广告，针对中小商店和零售店窗户广告的新型一体机透明显示屏方案。",
        "GUIDE_PAGE2": "睛屏系列产品为玻璃透明LED电子门头屏应用于商业门头、橱窗、指路牌等领域，随意拓展，安装便捷。",
        "GUIDE_PAGE3": "扫描设备二维码，进入对应的工作界面",
        "GUIDE_SCANQR": "点击扫码",
        "GUIDE_START": "开始体验吧",
        "GUIDE_SETUP_TIP": "设备【{{name}}】为离线状态，是否立即配置网络？",
        "GUIDE_SETUP_YES": "立即配置",
        "GUIDE_SETUP_NO": "以后配置",
        "GUIDE_SETUP_SKIP": "跳过引导",
        "GUIDE_SETUP_MODE": "选择工作模式",
        "GUIDE_SETUP_MODE_TIP": "请选择一个工作模式",
        "GUIDE_SETUP_MODE_MSG": "如果你不知道如何选择，可任意选择一个，今后还可以在[账户>设备]中切换",
        "GUIDE_MODE_NEXPOSTER": "NexPoster (海报屏模式)",
        "GUIDE_MODE_NEXESIGN": "NexEsign (门头屏模式)",
        "GUIDE_CHECK_STATUS": "正在检测网络状态"
    },
    "PUBLISH":{
        "TITLE":"播放",
        "BTN_PUBLISH": "我要发布",
        "DEVICE_PREVIEW_TITLE": "请选择设备",
         
        "LIST_TITLE":"节目单",
        "LIST_NODATA": "还没有创建节目单，点击“+”去创建...",
        "LIST_ADD_TITLE": "添加节目单",
        "LIST_EMPTY":"还没有节目单,点击“+”按钮创建",
        "LIST_DETAIL_EMPTY":"还没有选择播放内容,请先添加节目",
        "LIST_TOTAL_TIME": "节目单时长: {{time}}秒",
        "LIST_NAME_LIMIT": "节目单名称应为2-32个字符",
        "ADD_PROGRAM_NAME":"节目单名称",
        "ADD_PROGRAM_SCREEN_ORIENTATION":"屏幕拼接方式",
        "ADD_PROGRAM_SCREEN_NUM":"屏幕拼接数量",
        "ADD_PROGRAM_SCREEN_NUM_TIP":"请选择屏幕拼接数量",
  
        "DEVICE_TITLE":"设备状态",
        "DEVICE_NODATA": "还没有播放设备，点击“+”去添加...",
        "DEVICE_LIST_EMPTY":"你还没有播放设备，请点击右上角+号新增设备",
        "DETAIL_LAST":"最后发布",
        "DETAIL_RATIO":"播放比例",
        "DETAIL_LAST_TIME":"发布时间",
        "DETAIL_EMPTY":"该设备还没有播放信息",
        "DETAIL_TITLE_LIST":"当前播放的节目单",
        "DETAIL_TITLE_SCHEDULE":"当前播放的日程",
        "DEVICE_STATE_TITLE":"播放状态",

        "PUSH_TITLE":"播放发布",
        "PUSH_PREVIEW":"节目预览",
        "PUSH_SEND":"推送",
        "PUSH_STEP1":"选择设备",
        "PUSH_STEP2":"选择节目单",
        "PUSH_STEP3":"推送播放",
        "PUSH_DEVICE_MODE": "分组显示",
        "PUSH_TAB_PLAYLIST": "按节目单播放",
        "PUSH_TAB_SCHEDULE": "按日程播放",
        "PUSH_PLAY_TYPE": "播放方式",
        "PUSH_ALLTIME":"循环播放",
        "PUSH_ONETIME":"播放一次",
        "PUSH_OK": "发送成功!",
        "PUSH_FAILED": "发送失败, 请稍后重试!",
        "PUSH_STATUS_OK":"推送成功",
        "PUSH_STATUS_OFFLINE":"设备离线",
        "PUSH_STATUS_FAILED":"推送失败",
        "PUSH_STATUS_WAIT":"待推送",
        "PUSH_LIST_EMPTY":"还没有节目单，请先创建",
        "PUSH_DEVICE_EMPTY":"还没有添加任何设备",
        "PUSH_SCHEDULE_MSG": "请选择模型色块，在日历中标记",

        "SCHEDULE_TIPS": "1. 点击选中日模型颜色可在日历中标记.<br>2. 切换日模型颜色可在日历中重新标记.<br>3. 在日历中滑动可批量标记颜色.<br>4. 取消选中日模型或单击日历可取消标记.<br>5. 点击设置按钮可以修改或添加更多日模型."
        
    },
    
    "DAYMODEL": {   
        "TITLE":"日模式",
        "NODATA": "还没有日模式，去添加…",
        "NODATA_DETAIL": "还没有日模式…",
        "NODATA_LIST": "[{{name}}] 日模式中还没有节目单，去添加吗？",
        "MAX_LIMIT": "日期模板数量已达到上限",
        "ADD_TITLE": "请输入日模式名称",
        "ADD_TITLE_MSG": "日模式名称长度应在2-20个字符",
        "ISUSE": "该日模板正在使用",
        "NAME_EXISTS": "日模式名称已存在",
        
        "EDIT_DEFAULT_TITLE": "默认节目单",
        "EDIT_CHOOSE": "选择节目单",
        "ITEM_INCOMPLETE": "第 {{item}} 项填写不完整",
        "ITEM_NO_PLAYLIST": "请选择第 {{item}} 项节目单",
        "ITEM_NO_TIMESLOT": "请设置第 {{item}} 项时间段",
        "ITEM_ETIME_GT_STIME": "第 {{item}} 项结束时间应大于开始时间",
        "ITEM_STIME_LT_ETIME": "第 {{item}} 项开始时间应小于结束时间",
        "ITEM_TIME_OVERLAP": "第 {{item}} 项时间重叠",
        "ITEM_TIME_EXIST": "第 {{item}} 项时间有冲突",
        "ITEM_MAX_LIMIT": "时间线数量已达到上限"
    },
    "STORE":{
        "TAB_ALL":"所有",
        "TAB_DIY":"DIY",
        "TAB_TEXT":"文字",
        "TAB_BGROUND":"背景",
        "TAB_ANIM":"动画",
        "TAB_VID":"视频",
        "TAB_CUS":"定制", 
        "TAB_PIC":"图片", 
        "SEARCH_TIP":"搜索",
        "LIST_VIDEO_BASE":"标准视频",
        "LIST_VIDEO_CUS":"定制视频",
        "LIST_TEXT_BASE":"标准文字",
        "LIST_TEXT_CUS":"定制文字",
        "FILTER_TITLE":"筛选",
        "DESIGNER":"设计师",
        "PRICE":"价格",
        "PRICE_FREE":"免费",
        "PRICE_MIN":"最低价",
        "PRICE_MAX":"最高价",
        "PRICE_WANING":"最高价不能小于最低价",
        
        "SAVE_TYPE_SELECT":"请选择定制视频的节目属性",
        "BUY_TYPE_TRUE":"购买为我的节目",
        "BUY_TYPE_FALSE":"购买为公司节目",
        "BUY_SUCCESS":"订单处理成功!",
        "BUY_ORDER_CANCEL":"订单号#{{sn}}已创建,你还可以去账户中心>订单中再次付款",
        "BUY_ORDER_SUCCESS":"订单提交成功，订单号码是#{{sn}}，请到账户>订单里面跟踪当前订单的制作情况",
        "BUY_PURCHASED":"该节目已存在订单中，请在账户>订单中查看",
        "BUY_BALANCE_INSUFFICIENT":"账户余额不足，请先充值",
        "EMPTY_DATA":"暂无数据，请在编辑器中添加素材DIY",
        "DETAIL_TO_STORE": "公开到商店",
        "DETAIL_COLLECTED":"已收藏",
        "DETAIL_BOUGHT":"已购买",
        "DETAIL_NOPAY":"待付款",
        "DETAIL_BTN_FAV":"收藏",
        "DETAIL_BTN_PREVIEW":"在设备预览",
        "DETAIL_BTN_CUS":"定制",
        "DETAIL_BTN_DIY":"DIY",
        "DETAIL_BTN_ORGIMG":"浏览原图",
        "DETAIL_BTN_DESIMG":"浏览抠图",
        "DETAIL_BTN_CUT":"抠图服务",
        "DETAIL_BTN_ORDER":"订单详情",
        "DETAIL_BTN_BUY":"购买",
        "INPUT_TEXT_TIP":"定制文字长度应在1-16位",
        "INPUT_IMAGE_TIP":"请选择需替换的图片上传"
        
    },
    "CONTENT": {
        "TITLE": "节目内容",
        "CONTENTS_TITLE": "节目管理",
        "DIY_TITLE": "DIY节目",
        "VIDEO_TITLE": "视频节目",
        "MATERIAL_TITLE": "素材管理",
        "SELECTOR_TITLE": "请选择节目",
        "SELECTOR_DIY_TITLE": "我的DIY库",
        "EMPTY_DATA": "暂无数据，请先制作节目或在商店定制节目",
        "EMPTY_MATERIAL_DATA": "暂无数据，请先在商店购买素材",
        "USER_TITLE": "我的节目",
        "PUBLIC_TITLE": "公司节目",
        "USER_VIDEO": "我的视频",
        "PUBLIC_VIDEO": "公司视频",
        "USER_MATERIAL": "我的素材",
        "PUBLIC_MATERIAL": "公司素材",
        "VIDEO_UPLOAD": "上传视频",
        "TPL_AUDIT1": "待初审",
        "TPL_AUDIT2": "初审不通过",
        "TPL_AUDIT3": "初审通过",
        "TPL_AUDIT4": "终审不通过",
        "TPL_AUDIT5": "终审通过",
        "UPLOAD_BTN": "开始上传",
        "UPLOAD_ING": "正在上传({{num}}%)...",
        "UPLOAD_VIDEO_TITLE": "视频上传",
        "UPLOAD_VIDEO_NAME": "视频名称",
        "UPLOAD_VIDEO_SIZE": "视频大小",
        "UPLOAD_VIDEO_LIMIT": "上传视频应在20M以内，请先剪辑后上传",
        "UPLOAD_TEXT_TIP": "请输入2-60字符的节目名称",
        "UPLOAD_BTN_VIDEO": "选择视频",
        "REMARK_TIP": "请输入备注说明",
        "UPLOAD_IMAGE_TITLE": "上传图片",
        "UPLOAD_IMAGE_ORDER": "上传抠图订单",
        "UPLOAD_IMAGE": "上传图片",
        "UPLOAD_IMAGE_PNG": "上传PNG透明图",
        "UPLOAD_ORDER_CUTOUT": "抠图原图片",
        "UPLOAD_ORDER_TITLE": "抠图订单",
        "UPLOAD_ORDER_CONFIRM": "确定要创建抠图订单吗？",
        "UPLOAD_ORDER_CONFIRM_PAY": "将从账户中扣除 {{num}}个N币，确定要付款吗？",
        "UPLOAD_RESELECT": "重新上传",
        "SUPPORTED_EXT": "请上传PNG,JPEG图片格式",
        "SCREEN_NUM": "{{num}}个屏幕",
        "VIDEO_SCREEN_EDIT": "修改属性"
    },
    "H5EDITOR": {
        "TITLE": "DIY",
        "SAVE_TYPE": "请选择保存方式",
        "NO_PERMISSION": "没有权限保存,请联系你的管理员",
        "NO_SLIDES": "还没有添加任何素材",
        "SLIDER_EMPTY": "请在幻灯片中添加内容",
        "NAV_ADD_IMAGE": "从商店添加",
        "NAV_ADD_USER": "从素材库添加",
        "NAV_ADD_TEXT": "添加文本",
        "POP_ITEM_TXT": "编辑文字",
        "POP_ITEM_DUP": "复制",
        "POP_ITEM_FULL": "铺满",
        "POP_ITEM_NOFULL": "原始",
        "POP_ITEM_BTF": "移到最前",
        "POP_ITEM_BTB": "移到最后",
        "POP_ITEM_LOC": "锁定",
        "POP_ITEM_ULO": "解锁",
        "POP_ITEM_DEL": "删除",
        "SAVE_TITLE": "保存节目",
        "SAVE_SUBTITLE": "请输入保存名称",
        "SELECTOR_STORE": "商店素材",
        "SELECTOR_USER1": "背景库",
        "SELECTOR_USER2": "素材库",
        "SELECTOR_TAB_MY": "我的",
        "SELECTOR_TAB_PUB": "公司",
        "SELECTOR_TAB_BOUGHT": "已购",
        "SELECTOR_TAB_FAV": "收藏",
        "START_RECENT": "最近DIY的节目",
        "START_MORE": "更多",
        "EMPTY_RECENT": "还没有历史记录，点击按钮开始DIY吧...",
        "START_DIY": "开始DIY",
        "OBJECTS_LIMIT": "{{type}}素材最多不能超过{{num}}个",
        "ADD_SCROLL": "创建走字节目",
        "ADD_DIY": "创建DIY节目",
        "ADD_SLIDE": "幻灯DIY模式",
        "ADD_VIDEO": "视频DIY模式",
        "SELECT_SCREEN": "请选择屏幕类型",
        "SELECT_PICTURE_TITLE": "选择图片",
        "SELECT_VIDEO_TITLE": "选择视频",
        "SLIDE_TITLE": "幻灯片",
        "SLIDE_TOTAL_TIME": "播放总时长",
        "SLIDE_PLAY": "播放预览",
        "SLIDE_TRANS_SELECT": "请选择过渡效果",
        "SLIDE_THUNMP_TIP": "播放时点击[截图]可截取封面图",
        "BTN_ADD_TEXT": "添加文字",
        "BTN_ADD_IMAGE": "添加图片",
        "BTN_BACKGROUD": "背景设置",
        "BTN_EDITOR": "素材编辑",
        "BTN_TIMELINE": "出场时间",
        "BTN_SPRITE": "添加素材",
        "BTN_SLIDERS": "幻灯页",
        "BTN_PREVIEW": "预览",
        "PLAYER_TITLE": "播放预览",
        "PREVIEW_TITLE": "在设备播放",
        "PLAYED_HIDE": "播放一次后隐藏"
    },
    "EDITOR_TEXT": {
        "TITLE": "文字编辑",
        "TAB_TEXT": "文字",
        "TAB_TYPEFACE": "字体",
        "TAB_EFFECT": "效果",
        "TAB_ANIMATION": "动画",
        "INPUT_TITLE": "请输入文字",
        "INPUT_TOLONG": "字符长度应在{{num}}以内",
        "FONT_TEXT": "文字内容",
        "FONT_SIZE": "字体大小",
        "FONT_STYLE": "字体样式",
        "FONT_SPACE": "字体间距",
        "SHADOW_COLOR": "阴影颜色",
        "OUTLINE": "镂空",
        "ALPHA": "透明度",
        "GRADIENT": "颜色渐变",
        "GRADIENT_NO": "不渐变",
        "GRADIENT_YES": "按设定的颜色渐变",
        "GRADIENT_RAND": "随机渐变",
        "BORDER_COLOR": "边框颜色",
        "BORDER_WIDTH": "边框粗细",
        "BORDER_BACKGROUND": "边框背景",
        "BORDER_DOTTED": "虚线",
        "BORDER_SOLID": "实线",
        "TEXT_SCATTER": "文字分散",
        "TEXT_PLAYTIMES": "动画次数",
        "FONT_MOVE_STYLE": "样式方向",
        "TEXT_MOVE_SPEED": "滚动速度",
        "PLAY_1TIMES": "播放1次",
        "PLAY_2TIMES": "播放2次",
        "PLAY_3TIMES": "播放3次",
        "PLAY_4TIMES": "播放4次",
        "PLAY_REPEAT": "重复播放",
        "ANIM_IN": "入场",
        "ANIM_FLYIN": "飞入",
        "ANIM_OUTIN": "出入场",
        "ANIM_FLIP": "翻转",
        "ANIM_ROLLED": "翻滚",
        "ANIM_ROTATE": "旋转",
        "ANIM_SWING": "摇摆",
        "ANIM_JUMP": "跳跃",
        "ANIM_PRINT": "打字",
        "ANIM_ZOOM": "缩放",
        "ANIM_LEFT_BOUNCE": "向左反弹",
        "ANIM_DROP_BOUNCE": "掉落反弹",
        "ANIM_EMPTY": "无动画",
        "FONT_SELECT_TITLE": "选择字体",
        "MOVE_SPEEK_SLOWEST":"最慢",
        "MOVE_SPEEK_SLOW": "慢速度",
        "MOVE_SPEEK_STANDARD": "标准速度",
        "MOVE_SPEEK_FAST": "快速",
        "MOVE_SPEEK_FASTEST": "最快速",
        "TEXT_SCROLL_TYPE":"滚动类型",
        "TEXT_SCROLL_ONCE":"一次",
        "TEXT_SCROLL_LOOP":"循环",
        "TEXT_SCROLL_LINK":"首尾相接",
        "SPRITE_TITLE": "素材编辑",
        "TEXT_SCROLL_NUM":"循环次数",
        "TEXT_SCROLL_NUMTIP":"循环次数必须大于0次",
        "TEXT_SCROLL_TIMETIP":"首尾相接循环次应小于100次"
    },
    "ACCOUNT": {
        "BTN_LOGOUT": "退出登录",
        "ITEM_WALLET": "钱包",
        "ITEM_ORDER": "订单",
        "ITEM_DEVICE": "设备",
        "ITEM_NETWORK": "设备联网",
        "ITEM_LANG": "语言",
        "ITEM_SERVICE": "关于",
        "ITEM_VERSION": "App版本",
        "LOGOUT": "退出登录",
        "USERNAME": "账户名",
        "FIRSTNAME": "名称",
        "LASTNAME": "姓氏",
        "CHANGE_NAME": "修改姓名",
        "CHANGE_MOBILE": "更换手机号",
        "CHANGE_EMAIL": "更换邮箱",
        "CHANGE_USERNAME": "修改账户名",
        "CHANGE_USERNAME_TIP":"账户名只能修改一次，确定要修改吗？",
        "NICKNAME_TITLE": "修改昵称",
        "COUNTRY": "国家/地区",
        "COUNTRY_EDIT_TIP": "国家/地区要修改为 <b>{{name}}</b> 吗",
        "PASSWORD_TITLE": "修改密码",
        "PASSWORD_NO_PWD": "没有设置过密码",
        "PASSWORD_OLD_TIP": "请输入当前密码",
        "PASSWORD_NEW_TIP": "请输入新密码",
        "PASSWORD_NEW2_TIP": "请输入密码确认",
        "PASSWORD_OLD_ERR": "旧密码应为8-16位字符",
        "PASSWORD_NEW_ERR": "新的密码应为8-16位字母+数字的字符",
        "PASSWORD_INIT": "请修改密码",
        "PASSWORD_REST_OK": "密码修改成功",
        "PROFILE_TITLE": "账户设置",
        "PROFILE_INFO": "基本资料",
        "PROFILE_SAFE": "账户安全",
        "VERIFY_TITLE": "双因子认证",
        "VERIFY_TYPE": "认证方式",
        "VERIFY_BTN": "获取验证码",
        "VERIFY_SEND": "验证码已发送，请注意查收",
        "VERIFY_TIP": "请输入6位数字的验证码",
        "VERIFY_TYPE_MOBILE": "通过接收手机验证码验证",
        "VERIFY_TYPE_EMAIL": "通过接收邮箱验证码验证",
        "VERIFY_ONENABLE": "未开启",
        "VERIFY_COUNTRY_TIP": "开启双因子认证后不能修改国家/地区",
        "VERIFY_ENABLE_TIP": "认证手机或邮箱可开启双因子认证，去认证吗？",
        "MOBILE_TITLE": "验证绑定手机号",
        "MOBILE_OLD": "现在的手机号",
        "MOBILE_TIP": "请输入手机号码",
        "MOBILE_TIP_NEW": "请输入新的手机号",
        "MOBILE_CHECK_TIP": "请输入格式正确的手机号",
        "EMAIL_TITLE": "验证绑定邮箱",
        "EMAIL_OLD": "现在的邮箱",
        "EMAIL_TIP": "请输入电子邮箱",
        "EMAIL_TIP_NEW": "请输入新的邮箱",
        "EMAIL_CHECK_TIP": "请输入格式正确的邮箱",

        "WALLET_TITLE":"我的钱包",
        "WALLET_BALANCE":"当前余额",
        "WALLET_RECHARGE":"充值",
        "WALLET_RECORD":"交易记录",
        "WALLET_NORECORD":"还没有交易数据",
        "WALLET_RECORD2":"消费",
        "WALLET_RECORD3":"退款",
        "WALLET_RECORD5":"赠送",
        "WALLET_WEIXIN": "微信支付",
        "WALLET_ALIPAY": "支付宝",
        "WALLET_CARD": "信用卡",
        "WALLET_TYPE": "钱包充值",
        "WALLET_SUCCESS": "钱包充值成功",
        "WALLET_TRANS_AMOUNT": "交易金额",
        "WALLET_TRANS_COIN": "交易金币",
        
        "ABOUT_COMPANY": "<b>深圳市晶泓科技有限公司</b>，国际品牌名为NEXNOVO，成立于2011年，总部位于深圳，在北京、上海均设有办事处，生产面积近1万平米。晶泓科技一直专注于透明LED显示屏研发、生产和销售。通过ISO9001国际质量体系认证、ISO14001环境管理体系认证，拥有国内外多项专利，2017年XT系列产品荣获国际工业设计IF大奖，晶泓科技在行业内有较高知名度和品牌美誉度。",
        "ABOUT_COPYRIGHT": "版权所有NEXNOVO",
        "ABOUT_WEBSITE": "官方网站：<a target='_blank' href='http://www.nexposter.com'>www.nexposter.com</a>",
        "ABOUT_SALE_EMAIL": "客服邮箱：<a href='mailto:service@nexnovo.com'>service@nexnovo.com</a>",
        "ABOUT_ADDRESS": "联系地址：<br>深圳市坪山新区大工业区青兰一路8号"
        
    },
    "ORDER": {
        "TITLE": "我的订单",
        "TITLE_DETAIL": "订单详情",
        "DETAIL_ORDER_CONFIRM1": "确认合格后本视频将会拷贝到你的节目库.",
        "DETAIL_ORDER_CONFIRM5": "确认合格定制内容将会拷贝到你的素材库.",
        "DETAIL_ORDER_CONFIRM6": "确认合格该图片将会替换你的原图.",
        "DETAIL_CONFIRM_TIP": "订单确认完成！",
        "DETAIL_CONFIRM_NOAMOUNT": "余额不足",
        "DETAIL_CANCEL_TIP": "确定要取消 {{sn}} 订单吗？",
        "DETAIL_MODIFY_MSG": "请输入你的修改意见",
        "CONFIRM_TITLE": "订单确认",
        "CONFIRM_ORDER_MSG": "订单中有{{num}}项需要支付,将从账户中扣除{{amount}}N币，确定要付款吗？",
        "ORDER_REMARK": "备注记录",
        "ORDER_NUMBER": "订单号",
        "ORDER_AMOUNT": "订单金额",
        "ORDER_TYPE": "订单类型",
        "ORDER_STATUS": "订单状态",
        "ORDER_GOODS_DETAIL": "商品详细",
        "SUBMIT": "提交订单",
        "SUBMIT_PAY": "确认付款",
        "STATE_PENDING": "待付款",
        "STATE_PAID": "已付款",
        "STATE_PUSH": "已上传",
        "STATE_SCANCEL": "已超时",
        "STATE_UCANCEL": "已取消",
        "STATE_REWORK": "修改中",
        "STATE_REPUSH": "再次上传",
        "STATE_FINISH": "已完成",
        "STATE_REFUND": "交易失败",
        "STATE_REINFO": "资料不符",
        "STATE_START": "开始制作",
        "BTN_CANCEL": "取消订单",
        "BTN_MODIFY": "修改订单",
        "BTN_REWORK": "修改意见",
        "BTN_COMPLETE": "确认合格",
        "ORDER_PAYED": "订单支付成功，请等待设计师处理！",
        "ORDER_EMPTY": "您还没有订单"
    },
    "DEVICES": {
        "TITLE": "设备管理",
        "VERSION": "版本",
        "HARDWARE_ID": "硬件ID",
        "IP_ADDRESS": "IP地址",
        "WIFI_SSID": "WIFI连接",
        "SETUP": "配置网络",
        "LOCAL_TIME": "系统时间",
        "TIME_ZONE": "系统时区",
        "TIME_ZONE_MSG": "设置系统时区",
        "REBOOT_TIME": "重启时间",
        "REBOOT_AUTO": "自动重启",
        "WORKING_TIME": "工作时间",
        "WORKING_TIME_TITLE": "请选择开启和关闭时间",
        "HDMI_SWITCH": "启用HDMI",
        "HDMI_POSITION": "HDMI屏幕输出位置",
        "BRIGHTNESS": "当前亮度",
        "BRIGHTNESS_TIMING": "定时亮度",
        "BRIGHTNESS_ADD_TIME": "添加时间",
        "BRIGHTNESS_CHECK_TIP": "请检查时间格式或亮度范围在0-100之间",
        "BRIGHTNESS_TIME_ALREADY": "该时间已经存在",
        "SCREEN_ONOFF": "开关屏幕",
        "SCREEN_SWITCH_MODE": "屏幕开关模式",
        "SCREEN_BRIGHTNESS_MODE": "屏幕亮度模式",
        "SCREEN_MODE_MANUAL": "手动",
        "SCREEN_MODE_TIMING": "定时",
        "SCREEN_SHOW_PROGRESS": "显示下载进度",
        "SCREEN_NUM_SETUP": "屏幕拼接数量",
        "SCREEN_ROTATE":"屏幕旋转180度",
        "COLOR_TEMPERATURE": "色温",
        "COLOR_TEMPERATURE_4700": "中性白",
        "COLOR_TEMPERATURE_6500": "冷白",
        "COLOR_TEMPERATURE_9300": "冷白",
        "VOLUME": "当前音量",
        "DEL_DEVICE": "删除设备",
        "DEL_DEVICE_TIP": "输入该设备的正确名称确认删除",
        "ADD_DEVICE": "激活设备",
        "ADD_DEVICE_TIP": "输入设备硬件ID,激活并添加到设备列表中",
        "UPGRADE": "更新到",
        "ADD_DEVICE_SUCCESS": "设备添加成功",
        "AP_NAME": "热点名称",
        "AP_PASSWORD": "热点密码",
        "AP_PASSWORD_TITLE": "修改无线热点密码",
        "AP_PASSWORD_TIP": "请输入8-16位字母或数字的密码",
        "DEVICE_EMPTY_GOADD": "还没有设备，要添加新设备吗？",
        "REPORT_LOCATION": "上报位置",
        "REPORT_MSG": "请在地图上标记位置",
        "REBOOT": "重启设备",
        "REBOOT_TIP": "确定要重启设备吗？",
        "RESET": "重置设备",
        "RESET_TIP": "该操作将清除设备[{{name}}]的播放内容，并恢复到默认的初始化视频，确定要重置吗？",
        "WIFI_TITLE": "设备联网",
        "WIFI_SCANNING": "正在扫描WIFI...",
        "WIFI_SCANNING_NUM": "扫描发现附近有{{num}}个设备",
        "WIFI_SCANNING_FAILED": "扫描设备失败，请点击重试！",
        "WIFI_ENABLED_TIP": "设备网络配置需要开启手机WIFI，请点击确定授权启用WIFI",
        "WIFI_ENABLED_TIP_IOS": "设备网络配置需要开启手机WIFI，是否去开启？",
        "WIFI_PASSWORD": "请输入密码",
        "WIFI_PASSWORD_MSG": "如果您没有修改过密码，请使用设备出厂初始密码: 12345678",
        "WIFI_PASSWORD_AP": "请输入 {{name}} 的热点密码",
        "WIFI_PASSWORD_TIP": "请输入8位以上字符密码",
        "WIFI_CONNECTED": "已连接",
        "WIFI_CONNECT": "请连接设备",
        "WIFI_CONNECT_OK": "已连接设备 {{name}}",
        "WIFI_CONNECTING": "正在连接 {{name}}...",
        "WIFI_CONNECT_FAILED": "连接失败！请检查 {{name}} 电源已经打开，确认手距离设备在10米内",
        "WIFI_CONNECT_FAILED2": "手机无法自动连接屏体，请跳转到系统WIFI列表中手动连接 <b>{{ssid}} (密码为{{pwd}})</b>，然后返回该APP界面继续完成网络配置。",
        "WIFI_CONNECT_TIP": "设备联网需要切换到设置页面连接屏体AP热点，是否去设置？",
        "WIFI_CONNECT_INPUT": "请输入设备热点名称",
        "WIFI_SELECT_TIP": "请选择WIFI网络",
        "WIFI_SETUP_OK": "发送WIFI密码成功",
        "WIFI_ENCRYPTED": "加密",
        "WIFI_NETWORK_INFO": "设备网络信息",
        "WIFI_NETWORK_SETTING": "设备联网设置",
        "WIFI_NETWORK_BTN": "请设置网络",
        "WIFI_NETWORK_IP": "设备IP地址",
        "WIFI_NETWORK_STATE": "设备网络状态",
        "WIFI_NETWORK_OK": "已联网",
        "WIFI_PASSWORD_EMPTY": "连接未加密WIFI其他人可能会看到你通过此网络发送的消息，是否确定连接？",
        "WIFI_CONNECT_STR": "设备联网的过程中，需要连接 {{name}} 的热点 {{ssid}}，请确认 {{name}} 电源已经打开，并且手机离设备不超过10米。",
        "WIFI_CONNECT_BTN": "连接{{name}}",
        "WIFI_MOBILE_DATA_TIP": "获取设备信息失败，请尝试关闭手机4G数据网络再试",
        "WIFI_FORGET": "忘记",
        "WIFI_FORGET_CONFIRM": "确定要忘记WIFI连接吗？",
        "BLUETOOTH": "蓝牙音频",
        "BLUETOOTH_PAIR": "蓝牙配对",
        "BLUETOOTH_SCANNING": "正在扫描蓝牙...",
        "BLUETOOTH_PAIRING": "正在与 {{name}} 进行配对...",
        "BLUETOOTH_CONNECT": "连接",
        "BLUETOOTH_CONNECTED": "已连接",
        "BLUETOOTH_CONNECT_TIP": "请确认蓝牙设备 {{name}} 的电源是否打开，并且与屏体的距离在10米内",
        "BLUETOOTH_CONNECT_FAIL": "连接失败，请确认蓝牙设备距离屏体10米内",
        "BLUETOOTH_DISCONNECT_TIP": "确定要断开蓝牙连接吗？",
        "BLUETOOTH_LIST": "已扫描到的蓝牙设备",
        "BLUETOOTH_EMPTY": "附近没有可用的蓝牙设备",
        "DEVICE_MODE": "切换设备模式",
        "DEVICE_OFFLINE": "设备已离线",
        "DEVICE_POWER_TIP": "该设备可能没有启动，请检查电源或启动设备，再刷新该界面完成网络配置",
        "DEVICE_NONEX": "请求接口失败,请检查设备是否为晶泓公司的设备",
        "DEVICE_SAMENAME": "多个热点重名，请尝试以下密码",
        "DEVICE_EMPTY":"您可能没有添加设备",
        "SHARE": "分享授权",
        "SHARE_TYPE1": "标准模式",
        "SHARE_TYPE2": "比例模式",
        "SHARE_EXISTS": "该用户已授权",
        "SHARE_INPUT_TIP": "输入关键词查询添加用户",
        "SHARE_EMPTY": "暂时还没有授权用户",
        "SHARE_RATIO_TITLE": "已分享播放比例",
        "SHARE_RATIO_MY": "我的播放比例",
        "SHARE_USER_TITLE": "已授权用户",
        "SHARE_TIP": "分享播放授权操作说明",
        "SHARE_USER_NOTEXIST": "账户不存在",
        "SHARE_TIPS": "1、一台设备只能选择一种授权模式<br>2、切换模式保存后，将清除上一次授权的用户信息<br>3、比例模式下，一台设备只能授权给一位用户",
        "MAP_NOGPS": "获取位置失败，请检查GPS权限或确认是否启用GPS",
        "PERMISSION_GPS_TIP": "设备联网需要网络和GPS操作权限，禁用授权可能无法继续操作！",
        "SCANQR_TITLE": "扫描二维码",
        "SCANQR_INPUT": "手动输入",
        "UPGRADE_CONFIRM":"设备升级大约需要1-2分钟，升级过程中不能断电，是否确定升级？",
        "UPGRADE_SEND_SUCCESS":"发送升级请求成功，请等待设备升级...",
        "CLOCK_TITLE":"时钟状态",
        "CLOCK_COLOR":"文字颜色",
        "CLOCK_BGCOLOR":"背景颜色",
        "CLOCK_BOLD":"字体加粗",
        "CLOCK_PANEL":"在第 {{num}} 个屏显示",
        "CLOCK_DISPANEL":"占屏幕数",
        "CLOCK_TYPE":"显示方式",
        "CLOCK_FULL":"完整日期",
        "CLOCK_TYPE_OPT1":"一直显示",
        "CLOCK_TYPE_OPT2":"整点报时",
        "CLOCK_CLOSE":"关闭时钟显示",
        "CLOCK_OPEN":"保存并启用",
        "COUNTDOWN_TITLE":"倒计时",
        "COUNTDOWN_HOUR":"倒计时小时",
        "COUNTDOWN_MINUTE":"倒计时分钟",
        "COUNTDOWN_START":"开始时间",
        "COUNTDOWN_END":"结束后显示00:00",
        "COUNTDOWN_CLOSE":"关闭倒计时",
        "COUNTDOWN_STARTNOW":"立即开始",
        "SENSOR_TITLE":"传感器信息",
        "SENSOR_MASTER":"主传感器",
        "SENSOR_SLAVE":"从传感器",
        "SENSOR_TEMP":"温度",
        "SENSOR_HUMIDITY":"湿度",
        "SENSOR_BRIGHTNESS":"环境亮度",
        "SENSOR_SWITCH":"切换",
        "SENSOR_AUTOBRIGHT":"自动亮度"
    },
    "SIGNIN": {
        "TITLE": "登录",
        "LOGGING": "登录中...",
        "REGING": "正在创建账户...",
        "LOGIN_FAILED": "登录失败",
        "EMAIL": "邮箱",
        "MOBILE": "手机号",
        "USERNAME": "账户名",
        "PASSWORD": "密码",
        "PASSWORD_CONFIRM": "确认密码",
        "PASSWORD_CONFIRM_FAILED": "两次密码输入不一致",
        "PASSWORD_ERR": "账户或密码错误",
        "VERIFY": "验证码",
        "LOGIN_VERIFY": "安全验证",
        "LOGIN_BTN": "登录",
        "LOGIN_AUTHORIZED": "第三方登录",
        "LOGIN_WECHAT": "用微信授权登录",
        "LOGIN_FACEBOOK": "用Facebook登录",
        "LOGIN_NOUSER": "注册账户",
        "LOGIN_FORGET": "忘记密码",
        "AUTH_FIRST_TIP": "如果已有账户请选择“绑定已有账户”，选择“我是新用户”将直接登录",
        "AUTH_BIND": "绑定已有账户",
        "AUTH_LOGIN": "我是新用户",
        "AUTH_SUBMIT": "提交绑定",
        "REG_TITLE": "注册",
        "REG_BTN": "创建账号",
        "REG_FIRST_NAME": "名称",
        "REG_FIRST_NAME_MSG": "名字不能少于2个字符",
        "REG_LAST_NAME": "姓氏",
        "REG_LAST_NAME_MSG": "姓氏不能少于1个字符",
        "REG_COUNTRY": "国家/地区",
        "REG_COUNTRY_MSG": "请选择国家/地区",
        "REG_PASSWORD_MSG": "请输入8-16位字母数字组合的密码",
        "REG_USERNAME_TIP": "请输入账户名",
        "REG_USERNAME_MSG": "账户名应为8-40个字母或数字",
        "REG_EMAIL_MSG": "请检查电子邮箱的格式，且长度不能超过40个字符",
        "REG_SUCCESS": "账户创建成功，可以登录啦",
        "FORGET_TIP": "您可以在此找回忘记的密码，请按照引导步骤完成密码重设。",
        "FORGET_NOUSERNAME": "此账户名无效",
        "FORGET_PHONE_ERR": "此手机号无效",
        "FORGET_EMAIL_ERR": "此邮箱无效",
        "FORGET_INPUT_EMAIL": "输入你绑定的邮箱接收验证码",
        "FORGET_INPUT_PHONE": "输入你绑定的手机接收验证码",
        "FORGET_INPUT_CODE": "请输入您收到的验证码",
        "FORGET_RESET_PWD": "重置密码",
        "FORGET_RESET_OK": "密码修改成功，请返回重新登录",
        "VERIFY_NOINFO_EMAIL": "您的账户已开启邮箱验证，若您无法接收验证码或已更换邮箱，请联系管理员",
        "VERIFY_NOINFO_PHONE": "您的账户已开启手机验证，若您无法接收验证码或已更手机号，请联系管理员"
    },
    "PUBLIC": {
        "Y": "是",
        "N": "否",
        "OK": "知道了",
        "YES": "确定",
        "CANCEL": "取消",
        "ADD": "新增",
        "ADDTO": "添加",
        "NEW": "新建",
        "EDIT": "编辑",
        "MODIFY": "修改",
        "DONE": "完成",
        "SAVE": "保存",
        "OPEN": "打开",
        "SEND": "发送",
        "BACK": "返回",
        "RESET": "重置",
        "SECOND": "秒",
        "NOSAVE": "不保存",
        "WAITING": "请等待...",
        "LOADING": "正在加载...",
        "CLEAR":"清除",
        "CLOSE": "关闭",
        "ENABLE": "开启",
        "DEFAULT": "默认",
        "MORE":"更多",
        "LOADING_FAILED": "加载失败, 请重试!",
        "SAVE_OK": "保存成功!",
        "SAVE_FAILED": "保存失败, 请稍后重试!",
        "UPLOAD_OK": "上传成功!",
        "SEND_OK": "发送成功!",
        "SEND_FAILED": "发送失败, 请稍后重试!",
        "RENAME": "重命名",
        "RENAME_TITLE": "修改名称",
        "CHECK_NETWORK": "操作失败，请检查网络!",
        "PREVIEW":"预览",
        "COPY": "复制",
        "UPDATE": "更新",
        "DELETE": "删除",
        "DELETE_OK": "删除成功!",
        "DELETE_FAILED": "删除失败, 请稍后重试!",
        "SELECTED": "选中",
        "TIPS": "提示",
        "CONFIRM": "确认提示",
        "CONFIRM_TIPS": "确定要这样做吗?",
        "CONFIRM_DELETE": "确定要删除吗?",
        "CONFIRM_SAVE": "是否需要保存变更?",
        "SETTING_OK": "设置成功!",
        "COINS": "N币",
        "ONLINE": "在线",
        "OFFLINE": "离线",
        "CHECKALL": "全选",
        "STEP_NEXT": "下一步",
        "STEP_PREV": "上一步",
        "UPLOAD": "上传",
        "DETAIL": "详细",
        "HELP": "帮助",
        "HELP_TIP": "帮助提示",
        "LAST_PAGE":"已经是最后一页",
        "EMPTY": "没有查询到数据，请检查重试",
        "EMPTY_TIP": "目前暂无数据, 请点击右上角\"+\"添加",
        "CREATE_TIME": "创建时间",
        "RES_FAILED": "资源加载失败, 请重试!",
        "GOTO_SETTING": "去设置",
        "LANDSCAPE": "横向",
        "PORTRAIT": "竖向",
        "NET_DISCONNECT": "手机网络已断开,请检查手机网络!",
        "WIFI_DISCONNECT": "手机WIFI已断开,请检查手机WIFI!",
        "PERMISSION_TIP": "由于您没有权限，将不能继续操作！"
    },
    "API": {
        "MSG_NOT_FOUND": "非法请求",
        "MSG_EXCEPTION": "请求失败，请检查网络后重试!",
        "MSG_GOODS_NOT_FOUND": "未找到商品",
        "MSG_TEMPLATES_EXISTING_PLAYLIST": "不能删除已在[节目单]中使用的节目",
        "MSG_TEMPLATE_REPEATE_ISEMPTY": "所选节目单中播放内容为空",
        "MSG_TEMPLATE_NOT_FOUND": "所选节目单中没有内容",
        "MSG_NAME_EXISTS": "名称已存在",
        "MSG_DATA_NOTFOUND": "没找到相应数据",
        "MSG_DEVICE_ACTIVATED": "该设备可能已绑定过账户",
        "MSG_TEMPLATES_AUDIT_FAILURE": "不可修改审核不通过的内容",
        "MSG_PLAYLIST_USED": "该节目单正在使用，不能删除",
        "MSG_OLD_PASSWORD_ERROR": "当前的旧密码错误",
        "MSG_USER_NAME_EXISTS": "账户名或邮箱已经被注册",
        "MSG_PERMISSION_DENIED": "该账户没有权限操作该功能",
        "MSG_DEVICE_NOT_OWNER": "没有权限修改设备信息",
        "MSG_NOT_PERMISSION_MODIFY_TEMPLATE": "没有权限修改此模板",
        "MSG_USER_DISABLED": "该用户已被禁用",
        "MSG_BALANCE_INSUFFICIENT": "余额不足，请在“账户-余额”中充值",
        "MSG_DAYMODEL_USED": "日模式已被使用",
        "MSG_USER_NAME_OR_USER_PWD_ERROR": "用户或密码错误",
        "MSG_TEMPLATES_REMOVED": "模板已被删除",
        "MSG_VERIFICATION_INCORRECT": "验证码不正确",
        "MSG_VERIFICATION_EXPIRED": "验证码已失效，请重新输入!",
        "MSG_PLAY_CONTENT_EMPTY": "播放内容为空",
        "MSG_TEMPLATE_AUDIT_FAILURE": "该节目未通过审核",
        "MSG_ORDER_WAITING_PAID": "请在订单中确认并支付",
        "MSG_GOODS_PURCHASED": "你已经购买过这个商品",
        "MSG_COMPANY_PURCHASED": "你的公司已经购买了这个商品",
        "MSG_COLOR_EXISTS": "颜色已经被使用",
        "MSG_TEMPLATE_REVIEW_FAILED_NOT_MODIFY": "节目审核失败,无法修改",
        "MSG_ACCOUNT_DISABLED_WRONG_PASSWORD": "该账号因多次输入密码错误,请在{{time}}再试！",
        "MSG_TOKEN_INVALID": "登录失效了，请重新登录！",
        "MSG_TOKEN_EXPIRED": "登录过期了，请重新登录！",
        "MSG_WX_ACCESS_TOKEN_ERROR": "微信授权失败",
        "MSG_WX_ACCOUNT_HAS_BEEN_BOUND": "该微信已被绑定过",
        "MSG_NEXNOVO_ACCOUNT_HAS_BEEN_BOUND_WX": "该账户已绑定过微信",
        "MSG_ORDER_STATUS_CHANGED": "订单状态可能已经改变",
        "MSG_PLEASE_CHANGE_PASSWORD": "为了您的账户安全，请定期修改密码",
        "MSG_NUMBER_OF_SCREENS_HAS_CHANGED": "屏幕设置已改变，尝试刷新界面！",
        "MSG_AREA_NOT_SUPPORT_PHONE_VERIFY": "您所在地区/国家不支持手机号验证",
        "MSG_VERIFICATION_CODE_ERROR": "验证码错误",
        "MSG_PHONE_HAS_BEEN_REGISTER": "手机号已被注册",
        "MSG_EMAIL_HAS_BEEN_REGISTER": "邮箱已被注册",
        "MSG_PASSWORD_EXPIRE": "密码已过有效期，请修改密码",
        "MSG_PASSWORD_NOT_MEET_RULES": "新密码不符合规则",
        "MSG_PLEASE_GET_VERIFY_CODE_LATER": "验证码发送太频繁，请稍后再试",
        "MSG_PASSWORD_NOT_ALLOW_SPACES": "密码不允许含有空格",
        "MSG_PARAMETER_NOTEMPTY": "参数不能为空",
        "MSG_DEVICE_OFFLINE":"设备不在线",
        "MSG_USER_PHONE_EXISTS":"手机号码已被注册",
        "PASSWORD_RULES_ONE": "密码应为8到16位的任意字符",
        "PASSWORD_RULES_DEFAULT": "密码应为8到16位的数字字母组合",
        "PASSWORD_RULES_TWO": "密码应为8到16位的数字、大小写字母组合，数字、大写字母、小写字母都必须含有一个",
        "PASSWORD_RULES_THREE": "密码应为8到16位的数字、大小写字母、特殊字符组合，数字、大写字母、小写字母、特殊字符都必须含有一个"
    }
}