{"HELLO":"","API":{"404":"Demande illégale","MSG_TEMPLATE_AUDIT_FAILURE":"Ce programme n'a pas passé la vérification.","MSG_TEMPLATES_EXISTING_PLAYLIST":"C'est impossible de supprimer un programme déjà utilisé dans la [liste des programmes].","MSG_TEMPLATE_REPEATE_ISEMPTY":"Aucun contenu d'émission dans la liste des programmes choisie","MSG_TEMPLATE_NOT_FOUND":"Aucun contenu dans la liste des programmes choisie","MSG_NAME_EXISTS":"Nom déjà existé","MSG_DATA_NOTFOUND":"Aucune donnée corrélative trouvée","MSG_DEVICE_ACTIVATED":"Equipement déjà lié au compte","MSG_PLAYLIST_USED":"Liste des programmes en utilisation, impossible de supprimer","MSG_OLD_PASSWORD_ERROR":"Erreur d'ancien code secret actuel","MSG_TEMPLATES_AUDIT_FAILURE":"C'est impossible de modifier le contenu qui n'a pas passé la vérification.","MSG_USER_NAME_EXISTS":"Nom de compte ou messagerie déjà inscrits","MSG_PERMISSION_DENIED":"Désolé, pas de compétence à opérer","MSG_DEVICE_NOT_OWNER":"Pas de compétence à modifier le nom d'équipement","MSG_USER_DISABLED":"Compte déjà interdit","MSG_DAYMODEL_USED":"Mode journalier déjà utilisé","MSG_USER_NAME_OR_USER_PWD_ERROR":"Erreur de nom de compte ou code secret","MSG_TEMPLATES_REMOVED":"Matrice déjà supprimée","MSG_VERIFICATION_INCORRECT":"Code d'identification incorrect","MSG_PLAY_CONTENT_EMPTY":"Contenu d'émission blanc","MSG_NO_PERMISSION_MODIFY_TEMPLATE":"Pas de compétence à modifier la matrice","MSG_EXCEPTION":"Demande anormale, veuillez réessayer plus tard.","MSG_BALANCE_INSUFFICIENT":"Solde insuffisant, veuillez recharger par voie \"Compte - Solde\"","MSG_ORDER_WAITING_PAID":"S'il vous plaît confirmer et payer dans l'ordre","MSG_GOODS_PURCHASED":"Vous avez déjà acheté ce produit","MSG_COMPANY_PURCHASED":"Votre entreprise a déjà acheté ce produit.","MSG_GOODS_NOT_FOUND":"Produit non trouvé","MSG_COLOR_EXISTS":"La couleur existe déjà","MSG_NOT_PERMISSION_MODIFY_TEMPLATE":"Pas de permission pour modifier ce modèle","MSG_TEMPLATE_REVIEW_FAILED_NOT_MODIFY":"La vérification a échoué et ne peut pas être modifiée","MSG_ACCOUNT_DISABLED_WRONG_PASSWORD":"En raison d'une entrée de mot de passe incorrecte, veuillez réessayer à {{time}}!","MSG_TOKEN_INVALID":"La connexion est expirée, veuillez vous reconnecter!","MSG_VERIFICATION_EXPIRED":"Code de vérification expiré, veuillez le ressaisir!","MSG_WX_ACCESS_TOKEN_ERROR":"Echec de l'autorisation WeChat","MSG_WX_ACCOUNT_HAS_BEEN_BOUND":"Ce WeChat a été lié","MSG_NEXNOVO_ACCOUNT_HAS_BEEN_BOUND_WX":"Le compte a été lié à WeChat","MSG_ORDER_STATUS_CHANGED":"L'état de la commande est possible d'être changé","MSG_PLEASE_CHANGE_PASSWORD":"Pour la sécurité de votre compte, Veuillez changer le mot de passe","MSG_NUMBER_OF_SCREENS_HAS_CHANGED":"Les paramètres de l'écran ont été modifiés, veuillez essayer de rafraîchir l'interface","MSG_NOT_FOUND":"Demande illégale","MSG_AREA_NOT_SUPPORT_PHONE_VERIFY":"La vérification du numéro de téléphone mobile n’est pas autorisée dans votre région/pays","MSG_VERIFICATION_CODE_ERROR":"Erreur de code de vérification","MSG_PHONE_HAS_BEEN_REGISTER":"Le numéro de téléphone mobile a été enregistré","MSG_EMAIL_HAS_BEEN_REGISTER":"L'adresse e-mail a été enregistrée","MSG_PASSWORD_EXPIRE":"Le mot de passe a expiré, veuillez changer le mot de passe","MSG_PASSWORD_NOT_MEET_RULES":"Le nouveau mot de passe ne répond pas aux règles","MSG_PLEASE_GET_VERIFY_CODE_LATER":"Les codes de vérification sont envoyés trop fréquemment, veuillez réessayer plus tard","PASSWORD_RULES_DEFAULT":"Le mot de passe doit être une combinaison de 8 à 16 chiffres et lettres","PASSWORD_RULES_ONE":"La longueur du mot de passe doit être supérieure ou égale à 8 et inférieure ou égale à 16 caractères","PASSWORD_RULES_TWO":"Le mot de passe doit être une combinaison supérieure ou égale à 8 et inférieure ou égale à 16 chiffres et lettres majuscules et minuscules. Les chiffres, les letres majuscules et  minuscules doivent tous en contenir un.","PASSWORD_RULES_THREE":"Le mot de passe doit être une combinaison supérieure ou égale à 8 et inférieure ou égale à 16 chiffres, lettres majuscules et minuscules, et caractères spéciaux. Les chiffres, les lettres majuscules et minuscules et les caractères spéciaux doivent tous en contenir un.","MSG_PASSWORD_NOT_ALLOW_SPACES":"Le mot de passe ne doit pas contenir d 'espace","MSG_TOKEN_EXPIRED":"Données à titre indicatif uniquement, elles ne sont pas intégrées dans les notes d 'hôtels Ctrip.","MSG_PARAMETER_NOTEMPTY":"Les paramètres ne sont pas vides.","MSG_DEVICE_OFFLINE":"Matériel en ligne","MSG_USER_PHONE_EXISTS":"Le numéro de téléphone est enregistré."},"PUBLIC":{"BACK":"Retour","Y":"Oui","N":"Non","OK":"Compris","YES":"Valider","CANCEL":"Annuler","ADD":"Ajouter","ADDTO":"Add","NEW":"Créer","EDIT":"Edit","DONE":"Accompli","SAVE":"Enregistrer","OPEN":"Ouvrir","SAVE_OK":"Enregistrement réussi","SEND":"Envoyer","RESET":"Réinitialiser","SECOND":"Seconde","WAITING":"Veuillez patienter…","LOADING":"En téléchargement…","LOADING_FAILED":"Téléchargement échoué, veuillez réessayer plus tard","SAVE_FAILED":"Enregistrement échoué, veuillez réessayer plus tard","SEND_OK":"Envoi réussi","SEND_FAILED":"Envoi échoué, veuillez réessayer plus tard","RENAME":"Renomer","CHECK_NETWORK":"Opération échouée, veuillez contrôler le réseau","RENAME_TITLE":"Renommer","COPY":"Copier","DELETE":"Supprimer","UPDATE":"Mettre à jour","DELETE_OK":"Suppression réussie","DELETE_FAILED":"Suppression échouée, veuillez réessayer plus tard","SELECTED":"Choisi","TIPS":"Indication","CONFIRM":"Veuillez valider","CONFIRM_DELETE":"Confirmez de supprimer?","CONFIRM_TIPS":"Vous êtes sûr?","CONFIRM_SAVE":"Confirmez d'enregistrer la modification?","SETTING_OK":"Réglage réussi","COINS":"Monnaie","ONLINE":"En ligne","OFFLINE":"Hors ligne","CHECKALL":"Choisir tout","STEP_NEXT":"Suivant","STEP_PREV":"Précédent","UPLOAD":"Upload","DETAIL":"Détail","HELP":"Aide","HELP_TIP":"Indication d'aide","EMPTY":"Aucune donnée pour l'instant","EMPTY_TIP":"Aucune donnée pour l'instant, veuillez cliquer sur \\\"+\\\" en haut à droite pour ajouter","NOSAVE":"Ne pas enregistrement","CREATE_TIME":"Heure de création","UPLOAD_OK":"Téléchargé avec succès!","RES_FAILED":"Échec du chargement de la ressource. Veuillez réessayer!","GOTO_SETTING":"Mettre en place","MODIFY":"Modificaiton","LANDSCAPE":"Horizontal","PORTRAIT":"Vertical","NET_DISCONNECT":"Le réseau du téléphone mobile est déconnecté, veuillez vérifier le réseau du téléphone mobile!","WIFI_DISCONNECT":"Le WIFI du téléphone mobile est déconnecté, veuillez vérifier le WIFI du téléphone mobile!","PERMISSION_TIP":"Puisque vous n'avez pas d'autorisation, vous ne pourrez pas continuer les opérations!","CLOSE":"Désactiver","ENABLE":"Activer","DEFAULT":"Par défaut","CLEAR":"Effacer","MORE":"Plus","PREVIEW":"Aperçu","LAST_PAGE":"C'est la dernière page."},"SIGNIN":{"REG_COUNTRY_MSG":"Veuillez choisir le pays/ région","REG_PASSWORD_MSG":"Veuillez entrer un code secret composé de 8-16 lettres + chiffres","REG_PASSWORD_CONFIRM_MSG":"Veuillez vérifier la conformité de 2 codes secrest entrés","REG_USERNAME_TIP":"Veuillez entrer le nom de compte ou messagerie","REG_USERNAME_MSG":"Le nom de compte doit être composé de 8-40 lettres ou chiffres.","REG_EMAIL_MSG":"Veuillez entrer la messagerie correcte","TITLE":"Accéder","LOGGING":"En accès…","REGING":"En création de compte…","LOGIN_FAILED":"Accès échoué","EMAIL":"Messagerie","USERNAME":"Nom de compte/ messagerie","PASSWORD":"Code secret","PASSWORD_CONFIRM":"Confirmer le code secret","PASSWORD_CONFIRM_FAILED":"Code secret confirmé non conforme","PASSWORD_ERR":"Erreur de nom de compte ou code secret","LOGIN_BTN":"Accéder","REG_TITLE":"Inscrire","REG_BTN":"Créer un compte","REG_FIRST_NAME":"Nom","REG_FIRST_NAME_MSG":"Veuillez entrer le nom et le prénom","REG_LAST_NAME":"Nom","REG_LAST_NAME_MSG":"Veuillez entrer le nom ","REG_COUNTRY":"Pays/ région","VERIFY":"Code de vérification","LOGIN_AUTHORIZED":"Se connecter à la troisième partie  ","LOGIN_WECHAT":"Se connecter avec l'autorisation WeChat","LOGIN_FACEBOOK":"Se connecter par Facebook","LOGIN_NOUSER":"Créer un compte","LOGIN_FORGET":"Mot de passe oublié","AUTH_FIRST_TIP":"Si vous avez déjà un compte, veuillez sélectionner \"Lier à un compte existant\", sélectionnerz\"Je suis un nouvel utilisateur\" pour vous connecter directement","AUTH_BIND":"Lier à un compte existant","AUTH_LOGIN":"Je suis un nouvel utilisateur","AUTH_SUBMIT":"Soumettez la liaison","REG_SUCCESS":"Le compte est créé avec succès, vous pouvez vous connecter","MOBILE":"Numéro de téléphone mobile","LOGIN_VERIFY":"Vérification de la sécurité","FORGET_TIP":"Vous pouvez récupérer ici le mot de passe oublié, veuillez terminer la reconfiguration du mot de passe selon l 'étape de guidage.","FORGET_NOUSERNAME":"Ce nom de compte n'est pas valide","FORGET_PHONE_ERR":"Ce numéro de téléphone n'est pas valide","FORGET_EMAIL_ERR":"Cette adresse email n'est pas valide","FORGET_INPUT_EMAIL":"Entrez votre adresse e-mail liée pour recevoir le code de vérification","FORGET_INPUT_PHONE":"Entrez votre téléphone mobile lié pour recevoir le code de vérification","FORGET_INPUT_CODE":"Veuillez saisir le code de vérification que vous avez reçu","FORGET_RESET_OK":"Le mot de passe a bien été modifié, veuillez retourner et vous connecter à nouveau.","FORGET_RESET_PWD":"Changer le mot de passe","VERIFY_NOINFO_EMAIL":"Si vous ne pouvez pas accepter le code d 'authentification ou si vous avez changé d' adresse, Contactez l 'administrateur","VERIFY_NOINFO_PHONE":"Si vous ne pouvez pas recevoir le code d 'authentification ou changer le numéro de téléphone, Contactez l' administrateur"},"DAYMODEL":{"ADD_TITLE":"Veuillez entrer le nom de nouveau mode","TITLE":"Mode journalier","NODATA":"Aucun mode journalier, allez ajouter…","NODATA_DETAIL":"Aucun mode journalier…","NODATA_LIST":"Aucune liste des programmes en mode journalier <b>{{name}}</b>,allez ajouter?","MAX_LIMIT":"Le nombre de modes journaliers a déjà atteint la limite supérieure.","ISUSE":"Ce mode journalier est en cours.","NAME_EMPTY":"Le nom de mode journalier ne peut pas être blanc.","NAME_EXISTS":"Nom de mode journalier déjà existé","EDIT_DEFAULT_TITLE":"Liste des programmes tacite","EDIT_CHOOSE":"Choisir la liste des programmes","ITEM_INCOMPLETE":"Article {{item}} incomplet","ITEM_NO_PLAYLIST":"Veuillez choisir la liste des programmes d'article {{item}}","ITEM_NO_TIMESLOT":"Veuillez régler la plage d'article {{item}}","ITEM_ETIME_GT_STIME":"Le temps de fin d'article {{item}} doit être supérieur à celui de début.","ITEM_STIME_LT_ETIME":"Le temps de début d'article {{item}} doit être inférieur à celui de fin.","ITEM_TIME_OVERLAP":"Superposition de temps d'article {{item}} ","ITEM_TIME_EXIST":"Conflit de temps d'article {{item}} ","ITEM_MAX_LIMIT":"Le nombre de chronologies a déjà atteint la limite supérieure.","NAME_TOLONG":"Le nom de mode journalier ne doit pas dépasser {{num}} caractères.","ADD_TITLE_MSG":"La longueur du nom en mode jour doit être de 2 à 20 caractères"},"PUBLISH":{"TITLE":"Emettre","BTN_PUBLISH":"Publier","LIST_TITLE":"Liste des programmes","LIST_NODATA":"Aucune liste des programmes a été créée, allez créer...","LIST_ADD_TITLE":"Créer la liste des programmes","LIST_TOTAL_TIME":"Durée de liste des programmes: {{time}}s","LIST_EMPTY":"Aucune liste des programmes, cliquez sur le bouton \"+\" pour créer","LIST_DETAIL_EMPTY":"Aucun contenu d'émission a été choisi, cliquez sur le bouton \"+\" pour ajouter","DEVICE_TITLE":"Etat d'équipement","DEVICE_NODATA":"Aucun équipement d'émission, allez ajouter…","DETAIL_LAST":"La dernière publication","DETAIL_LAST_TIME":"Temps de publication","DETAIL_TITLE_LIST":"Liste des programmes actuellement émise","DEVICE_LIST_EMPTY":"Vous n'avez aucun équipement d'émission, veuillez cliquer sur \"+\" en haut à droite pour ajouter un équipement","DETAIL_TITLE_SCHEDULE":"Ordre de jour actuellement émis","DEVICE_STATE_TITLE":"Etat d'émission","DETAIL_EMPTY":"Aucune information d'émission sur ce dispositif","PUSH_PREVIEW":"Parcours de programme","PUSH_SEND":"Pousser","PUSH_STEP1":"Choisir l'équipement","PUSH_STEP2":"Choisir la liste des programmes","PUSH_STEP3":"Pousser l'émission","PUSH_DEVICE_MODE":"Affichage en groupe","PUSH_TAB_PROGRAM":"Emettre par liste des programmes","PUSH_TAB_SCHEDULE":"Emettre par ordre de jour","PUSH_PLAY_TYPE":"Moyen d'émission","PUSH_ALLTIME":"Emission en boucle","PUSH_ONETIME":"Emettre une fois","PUSH_OK":"Envoi réussi","PUSH_FAILED":"Envoi échoué, veuillez réessayer plus tard.","PUSH_STATUS_OK":"Poussée réussie","PUSH_STATUS_OFFLINE":"Equipement hors-ligne","PUSH_STATUS_FAILED":"Poussée échouée","PUSH_STATUS_WAIT":"A pousser","PUSH_LIST_EMPTY":"Aucune liste des programmes, veuillez d'abord créer","PUSH_DEVICE_EMPTY":"Aucun équipement n'a été ajouté.","PUSH_SCHEDULE_MSG":"Veuillez choisir le bloc de couleur de modèle et marquer au calendrier","SCHEDULE_TIPS":"1. Choisir la couleur de modèle journalier en cliquant pour marquer au calendrier. <br> 2. Commuter la couleur de modèle journalier pour remarquer au calendrier. <br> 3. Glisser au calendrier pour marquer en série la couleur. <br> 4. Annuler le modèle journalier choisi ou cliquer sur le calendrier pour annuler la marque. <br> 5. Cliquer sur le bouton de réglage pour modifier ou ajouter plus de  modèles journaliers. <br>","DEVICE_PREVIEW_TITLE":"Veuillez choisir un équipement pour parcours","LIST_NAME_LIMIT":"Le nom du programme doit comporter entre 2 et 30 caractères.","PUSH_TITLE":"Publication d'émission","ADD_PROGRAM_NAME":"Nom du programme","ADD_PROGRAM_SCREEN_ORIENTATION":"Méthode d'assemblage des écrans","ADD_PROGRAM_SCREEN_NUM":"Nombre d'assemblage des écrans","ADD_PROGRAM_SCREEN_NUM_TIP":"Sélectionnez le nombre d'assemblage des écrans","DETAIL_RATIO":"Rapport de lecture","PUSH_TAB_PLAYLIST":"Lecture par programme"},"CONTENT":{"TITLE":"Contenu de programme","PROGRAM_TITLE":"Base des programmes ","USER_TITLE":"Mes programmes","PUBLIC_TITLE":"Programmes d'entreprise","VIDEO_UPLOAD":"Upload des vidéos","MATERIAL_TITLE":"Base des Galerie","SELECTOR_TITLE":"Programmes déjà examinés","SELECTOR_DIY_TITLE":"Mes base de DIYs","TPL_AUDIT1":"A pré-examiner ","TPL_AUDIT2":"Pré-vérification non passée","TPL_AUDIT3":"Pré-vérification passée","REMARK_TIP":"Veuillez entrer la description de commande","TPL_AUDIT4":"Vérification finale non passée","TPL_AUDIT5":"Vérification finale passée","UPLOAD_VIDEO_TITLE":"Upload des vidéos","UPLOAD_VIDEO_NAME":"Nom de vidéo","UPLOAD_TEXT_TIP":"Veuillez saisir le nom de programme vidéo","UPLOAD_BTN_VIDEO":"Choisir la vidéo","UPLOAD_BTN":"Commencer le upload","UPLOAD_ING":"En upload ({{num}}%)…","UPLOAD_CAMERA":"Photographier","USER_MATERIAL":"Mes galerie","PUBLIC_MATERIAL":"Galerie d'entreprise","UPLOAD_VIDEO_LIMIT":"Le format de vidéo uploadée ne doit pas dépasser 20M.","UPLOAD_IMAGE_TITLE":"Upload des photos","UPLOAD_IMAGE":"Upload des photos","UPLOAD_IMAGE_PNG":"Upload des photos transparentes PNG","UPLOAD_IMAGE_ORDER":"Upload une commande découpée","UPLOAD_ORDER_TITLE":"Confirmation de commande découpée","UPLOAD_ORDER_CUTOUT":"Photo originaire découpée","EMPTY_DATA":"Aucune donnée pour l'instant, veuillez d'abord fabriquer un programme ou fabriquer sur commande un programme en boutique","EMPTY_MATERIAL_DATA":"Aucune donnée pour l'instant, veuillez d'abord acheter la galerie en boutique","UPLOAD_VIDEO_SIZE":"Taille de la vidéo","UPLOAD_ORDER_CONFIRM":"Voulez-vous créer une commande?","UPLOAD_ORDER_CONFIRM_PAY":"Êtes-vous sûr de vouloir déduire 1 N pièces pour le paiement?","UPLOAD_ORDER_PAYED":"Paiement réussi de commande découpée, veuillez patienter pour traitement de concepteur","UPLOAD_RESELECT":"Re-télécharger","SUPPORTED_EXT":"Veuillez télécharger le format d'image PNG, JPEG","DIY_TITLE":"Numéro DIY","VIDEO_TITLE":"Numéro vidéo","USER_VIDEO":"Ma vidéo","PUBLIC_VIDEO":"Vidéo d'entreprise","SCREEN_NUM":"{{num}} écrans","VIDEO_SCREEN_EDIT":"Modifiez les attributs","CONTENTS_TITLE":"Gestion des programmes"},"STORE":{"TAB_ALL":"Tout","TAB_DIY":"DIY","TAB_CUS":"Fabriquer sur commande","TAB_VID":"Vidéo","TAB_TEXT":"Texte","TAB_ANIM":"Dessin animé","SEARCH_TIP":"Rechercher","LIST_VIDEO_BASE":"Vidéos standard","LIST_VIDEO_CUS":"Fabriquer une vidéo sur commande","LIST_TEXT_BASE":"Textes standard","LIST_TEXT_CUS":"Fabriquer un texte sur commande","FILTER_TITLE":"Cribler","PRICE":"Prix","PRICE_FREE":"Gratuit","PRICE_MIN":"Le prix le plus bas","PRICE_MAX":"Le prix le plus élevé","PRICE_WANING":"Le prix le plus élevé ne peut pas être inférieur à celui le plus bas.","SAVE_TYPE_SELECT":"Veuillez choisir la nature de programme de vidéo fabriquée sur commande","BUY_SUCCESS":"Traitement de commande réussi, la vidéo de numéro de commande {{sn}} a été déjà copiée sur votre programme.","BUY_ORDER_CANCEL":"Numéro de commande #{{sn}} déjà créé, vous pouvez accéder au Centre de compte > Commande pour payer de nouveau","BUY_ORDER_SUCCESS":"Soumise de commande réussi, le numéro de commande est #{{sn}}，veuillez poursuivre l'état de fabrication de la commande actuelle par voie Compte > Commande.","BUY_PURCHASED":"Ce programme a déjà existé dans la commande, veuillez consulter par voie Compte > Commande.","BUY_BALANCE_INSUFFICIENT":"Solde de compte insuffisant, veuillez d'abord recharger","EMPTY_DATA":"Aucune donnée pour l'instant, veuillez ajouter des matérieaux dans l'éditeur DIY","TAB_PIC":"Photos","BUY_TYPE_TRUE":"Acheter comme mes programmes","BUY_TYPE_FALSE":"Acheter comme les programmes d'entreprise","DETAIL_BTN_PREVIEW":"Parcours en équipement","DETAIL_BTN_CUS":"Fabriquer sur commande","DETAIL_BTN_DIY":"DIY","DETAIL_BTN_ORGIMG":"Parcourir l'image originale","DETAIL_BTN_CUT":"Service de cartographie","DETAIL_BTN_ORDER":"Détails de la commande","DETAIL_BTN_BUY":"Achat","DETAIL_TO_STORE":"Ouvert au magasin","DETAIL_NOPAY":"A payer","DETAIL_BOUGHT":"Acheté","DETAIL_COLLECTED":"Favorisé","DETAIL_BTN_FAV":"Collection","CUSTOM_IMAGE_TITLE":"Texte personnalisé","DESIGNER":"Designer","INPUT_TEXT_TIP":"Chaque texte personnalisé doit comporter entre 1 et 16 chiffres.","INPUT_IMAGE_TIP":"Veuillez sélectionner une image à remplacer","DETAIL_BTN_DESIMG":"Aperçu Découpe","TAB_BGROUND":"Décor"},"H5EDITOR":{"TITLE":"DIY","NO_PERMISSION":"Pas de compétence de conservation, veuillez contacter votre administrateur","SLIDER_EMPTY":"Veuillez ajouter du contenu dans la diapositive","NAV_ADD_TEXT":"Ajouter un texte","POP_ITEM_TXT":"Editer un texte","POP_ITEM_DUP":"Copier","POP_ITEM_FULL":"Tiling","POP_ITEM_BTF":"Déplacer en avant","POP_ITEM_BTB":"Déplacer en arrière","POP_ITEM_LOC":"Verrouiller","POP_ITEM_ULO":"Déverrouiller","POP_ITEM_DEL":"Supprimer","SAVE_TITLE":"Enregistrer le programme ","SELECTOR_TAB_FAV":"Collection","SELECTOR_TAB_BOUGHT":"Déjà acheté","SAVE_TYPE":"Veuillez choisir le moyen d'enregistrement","NAV_ADD_IMAGE":"Ajouter par boutique","NAV_ADD_USER":"Ajouter par base de galeries","SELECTOR_STORE":"Galeries en boutique","SAVE_SUBTITLE":"Veuillez entrer le nom d'enregistrement","SELECTOR_USER2":"Mes base de galeries","SELECTOR_TAB_MY":"Mes","SELECTOR_TAB_PUB":"Entreprise","START_RECENT":"Les derniers DIYs","START_MORE":"Plus","EMPTY_RECENT":"Pas encore d'historique, cliquez sur le bouton pour lancer le bricolage ...","START_DIY":"Commencer le DIY","OBJECTS_LIMIT":"Vous ne pouvez ajouter que {{num}} clips","ADD_DIY":"style libre","ADD_SLIDE":"style faire glisser","ADD_VIDEO":"style vidéo","SELECT_PICTURE_TITLE":"Sélectionnez l'image","SELECT_VIDEO_TITLE":"Sélectionnez la vidéo","NO_SLIDES":"Aucun matériau n'a été ajouté","SELECTOR_USER1":"Banque de décors","ADD_CONTENT":"Créez un numéro DIY","SELECT_SCREEN":"Sélectionnez un type d'écran","SLIDE_TITLE":"Diapositive","SLIDE_TOTAL_TIME":"Durée totale de projection","SLIDE_PLAY":"Prévisualisation de projection","SLIDE_TRANS_SELECT":"Sélectionnez un effet de transition","SLIDE_THUNMP_TIP":"Cliquez sur [ciseaux] pour capturer l'image de couverture pendant la projection","BTN_ADD_TEXT":"Ajouter le texte","BTN_ADD_IMAGE":"Ajouter l'image","BTN_BACKGROUD":"Réglage de décor","BTN_EDITOR":"Edition de matériaux","BTN_TIMELINE":"Durée de représentation","BTN_PREVIEW":"Prévisualisation","PLAYER_TITLE":"Prévisualisation de projection","PREVIEW_TITLE":"Lecture sur l'appareil","PLAYED_HIDE":"Joué une fois caché","POP_ITEM_NOFULL":"Original","ADD_SCROLL":"Créer un texte de marche","BTN_SPRITE":"Ajout","BTN_SLIDERS":"Page de diapositive"},"EDITOR_TEXT":{"TITLE":"Edition de texte","TAB_TYPEFACE":"Caractère","TAB_ANIMATION":"Dessin animé","TAB_EFFECT":"Effet","INPUT_TITLE":"Veuillez saisir le texte","INPUT_TOLONG":"La longueur de caractères doit être dans les limites de {{num}}.","FONT_SIZE":"Format de caractère","SHADOW_COLOR":"Couleur d'ombre","OUTLINE":"Ciselé","BORDER_COLOR":"Couleur d'encadrement","BORDER_WIDTH":"Epaisseur d'encadrement","BORDER_BACKGROUND":"Fond d'encadrement","BORDER_DOTTED":"Ligne en pointillé","BORDER_SOLID":"Ligne continue","TEXT_SCATTER":"Répartition de texte","PLAY_1TIMES":"Emettre 1 fois","PLAY_2TIMES":"Emettre 2 fois","PLAY_3TIMES":"Emettre 3 fois","PLAY_4TIMES":"Emettre 4 fois","PLAY_REPEAT":"Emettre en répétition","ANIM_IN":"Entrée","ANIM_FLYIN":"Entrée par vol","ANIM_OUTIN":"Entrée et sortie","ANIM_FLIP":"Renversement","ANIM_ROLLED":"Roulement","ANIM_ROTATE":"Rotation","ANIM_SWING":"Balancement","ANIM_JUMP":"Saut","ANIM_PRINT":"Frappe","ANIM_ZOOM":"Echelle","ANIM_LEFT_BOUNCE":"Rebondissement vers gauche","ANIM_DROP_BOUNCE":"Rebondissement après chute","ANIM_EMPTY":"Pas de dessin animé","FONT_SELECT_TITLE":"Choisissez la police","SPRITE_TITLE":"Edition de matériaux","TAB_TEXT":"Texte","FONT_TEXT":"Contenu du texte","FONT_STYLE":"Type de caractère","ALPHA":"Transparence","TEXT_PLAYTIMES":"Nombre de dessin animé","TEXT_MOVE":"Mouvement de texte","MOVE_SPEEK_FAST":"Rapide","MOVE_SPEEK_SLOW":"Lent","GRADIENT":"Type de dégradé","GRADIENT_NO":"Pas de dégradé","GRADIENT_YES":"Selon le dégradé de couleurs défini","GRADIENT_RAND":"Dégradé machine","FONT_SPACE":"Espacement des polices","FONT_MOVE_STYLE":"Orientation du style","TEXT_MOVE_SPEED":"Vitesse de défilement","MOVE_SPEEK_SLOWEST":"Le plus lent","MOVE_SPEEK_STANDARD":"Vitesse standard","MOVE_SPEEK_FASTEST":"Le plus rapide","TEXT_SCROLL_TYPE":"Type de défilement","TEXT_SCROLL_ONCE":"Une fois.","TEXT_SCROLL_LOOP":"Cycle","TEXT_SCROLL_LINK":"Jointure","TEXT_SCROLL_NUM":"Nombre de cycles","TEXT_SCROLL_NUMTIP":"Le nombre de cycles doit être supérieur à 0.","TEXT_SCROLL_TIMETIP":"Les cycles d'assemblage initial devraient être inférieurs à 100."},"EDITOR_IMAGE":{"TITLE":"Edition d'image","NAV_CHOOSE":"Choisir","NAV_ROTATE":"Rotation","NAV_MAGIC":"Découper","NAV_CORP":"Couper","NAV_FLIP":"Image de miroir","NAV_YES":"Valider","NAV_COLOR":"Prise de couleur","NAV_TOLERANCE":"Tolérance","NAV_UNDO":"Annuler","NAV_REDO":"Rétablir","NAV_REMOVE":"Enlever","NAV_CUT":"Découper","NAV_FROM_ALBUM":"Choisir en album de photos","NAV_FROM_CAMERA":"Photographier","NAV_FROM_TRANS":"Choisir une photo transparente PNG","ALERT_PICTURE":"Veuillez choisir ou prendre une photo","ALERT_NOEDIT":"Aucune photo n'a été éditée.","ALERT_COLOR":"Veuillez cliquer sur la photo pour prise de couleur","ALERT_REQUIRED_CUT":"Largeur et hauteur de photo supérieurs à {{width}}x{{height}}, veuillez d'abord découper"},"ACCOUNT":{"NICKNAME":"Nom","PASSWORD_TITLE":"Modifier le code secret","COUNTRY":"Pays/ région","NICKNAME_TITLE":"Modifier l'appellation familière","COUNTRY_EDIT_TIP":"Désirez de modifier le nom de pays/ région à <b>{{name}}</b> ?","PASSWORD_OLD_TIP":"Veuillez saisir le code secret actuel","PASSWORD_NEW_TIP":"Veuillez saisir le nouveau code secret ","PASSWORD_NEW2_TIP":"Veuillez saisir le code secret pour valider","PASSWORD_OLD_ERR":"L'ancien code secret doit être de 8-16 caractères.","PASSWORD_NEW_ERR":"Le nouveau code secret doit être de 8-16 caractères composés de lettres + chiffres.","PASSWORD_NO_PWD":"Aucun mot de passe défini","PASSWORD_INIT":"Modifiez le mot de passe initial","USERNAME":"Nom d'utilisateur","FIRSTNAME":"Prénom","LASTNAME":"Nom de famille","CHANGE_MOBILE":"Changer de numéro de téléphone","PROFILE_INFO":"Renseignements","CHANGE_EMAIL":"Changer d'adresse e-mail","PROFILE_SAFE":"Sécurité du compte","VERIFY_TITLE":"Authentification à deux facteurs","VERIFY_TYPE":"Mode d'authentification","VERIFY_BTN":"Accéder au code de vérification","VERIFY_SEND":"Le code de vérification a été envoyé, veuillez vérifier","VERIFY_TIP":"Veuillez saisir le code de vérification à 6 chiffres","VERIFY_TYPE_MOBILE":"Vérification par réception d’un code de vérification du téléphone mobile","VERIFY_TYPE_EMAIL":"Vérification par réception d'un code de vérification de la boîte aux lettres destinataire","VERIFY_ONENABLE":"Non activé","VERIFY_COUNTRY_TIP":"Vous ne pouvez pas modifier le pays / la région après avoir activé l'authentification à deux facteurs","VERIFY_ENABLE_TIP":"L'authentification à deux facteurs peut être activée par l'authentification du téléphone mobile ou de la boîte aux lettres, voulez-vous effectuer l'authentification?","MOBILE_TITLE":"Vérifier le numéro de téléphone mobile lié","MOBILE_OLD":"Numéro de téléphone actuel","MOBILE_TIP":"Veuillez entrer votre numéro de téléphone","MOBILE_TIP_NEW":"Veuillez entrer un nouveau numéro de téléphone","MOBILE_CHECK_TIP":"Veuillez entrer un numéro de téléphone au format correct","EMAIL_TITLE":"Vérifier la boîte aux lettres liée","EMAIL_OLD":"Adresse e-mail actuelle","EMAIL_TIP":"Veuillez entrer votre adresse e-mail","EMAIL_TIP_NEW":"Veuillez entrer une nouvelle adresse e-mail","EMAIL_CHECK_TIP":"Veuillez entrer une adresse e-mail au format correct","LOGOUT":"Déconnexion","PASSWORD_REST_OK":"Le mot de passe a bien été modifié","CHANGE_NAME":"Modifier le nom","PROFILE_TITLE":"Paramètres de compte","BTN_LOGOUT":"Quitter","ITEM_WALLET":"Porte - monnaie","ITEM_ORDER":"Commandes","ITEM_DEVICE":"Matériel","ITEM_NETWORK":"Dispositif de mise en réseau","ITEM_LANG":"Langue","ITEM_SERVICE":"Sur","ITEM_VERSION":"Version app","CHANGE_USERNAME":"Modifier le nom du compte","CHANGE_USERNAME_TIP":"Le nom du compte ne peut être modifié qu 'une seule fois.","WALLET_TITLE":"Mon portefeuille.","WALLET_BALANCE":"Solde actuel","WALLET_RECHARGE":"Recharger","WALLET_RECORD":"","WALLET_NORECORD":"Pas encore.","WALLET_RECORD2":"Consommation","WALLET_RECORD3":"","WALLET_RECORD5":"","WALLET_WEIXIN":"Micromessagerie","WALLET_ALIPAY":"","WALLET_CARD":"","WALLET_TYPE":"Portefeuilles","WALLET_SUCCESS":"","WALLET_TRANS_AMOUNT":"Montant de la transaction","WALLET_TRANS_COIN":"Monnaie de transaction","ABOUT_COMPANY":"<b> Shenzhen Crystal Hongkong Technology Co., Ltd </b>, la marque internationale nexnovo, fondée en 2011, a son siège à Shenzhen, à Beijing, Shanghai a des bureaux, une production de près de 10.000 mètres carrés.Crystal Hongkong science et la technologie a été axée sur le développement d 'écrans à del transparents, la production et la vente.Grâce à ISO9001 international de certification du système de qualité, ISO14001 Système de gestion de l 'environnement, avec un certain nombre de brevets à la maison et à l' étranger, 2017 série de produits a remporté le grand prix international de conception industrielle IFF, la science et la technologie Crystal Hong dans l 'industrie a une plus grande visibilité et la marque de beauté.","ABOUT_COPYRIGHT":"Tous droits réservés par NEXNOVO","ABOUT_WEBSITE":"Web site officiel: <a target='_blank' href='http://www.nexposter.com'>www.nexposter.com</a>","ABOUT_SALE_EMAIL":"E - mail: <a href='mailto:service@nexnovo.com'>service@nexnovo.com</a>","ABOUT_ADDRESS":"Adresse: 8, rue No 1 Qinglan, Zone des grandes industries, Pingshan, Shenzhen"},"DEVICES":{"TITLE":"Gestion d'équipement","VERSION":"Version","HARDWARE_ID":"ID matériel","IP_ADDRESS":"Adresse ID","WIFI_SSID":"Connexion WIFI","AP_NAME":"Nom de point chaud","AP_PASSWORD":"Code secret de point chaud","LOCAL_TIME":"Temps du système","TIME_ZONE":"Fuseau horaire du système","REBOOT_AUTO":"Redémarrage automatique","REBOOT_TIME":"Temps de redémarrage","SCREEN_ONOFF":"Commutation d'écran","SCREEN_SWITCH_MODE":"Mode de commutation d'écran","SCREEN_BRIGHTNESS_MODE":"Mode de luminance d'écran","BRIGHTNESS":"Luminance actuelle","BRIGHTNESS_TIMING":"Luminance à temporisation","SCREEN_MODE_MANUAL":"Manuel","SCREEN_MODE_TIMING":"Temporisation","SCREEN_SHOW_PROGRESS":"Afficher la barre de progression","COLOR_TEMPERATURE":"Température de couleur","VOLUME":"Volume actuel","TIME_ZONE_MSG":"Régler le fuseau horaire du système","WORKING_TIME":"Temps de travail","WORKING_TIME_TITLE":"Veuillez choisir le temps d'ouverture et fermeture","BRIGHTNESS_ADD_TIME":"Ajouter un temps","BRIGHTNESS_CHECK_TIP":"Veuillez vérifier que le format de temps ou la plage de luminance est dans le cadre de 0-100","BRIGHTNESS_TIME_ALREADY":"Temps déjà existé","COLOR_TEMPERATURE_4700":"Blanc neutre","COLOR_TEMPERATURE_6500":"Blanc froid","COLOR_TEMPERATURE_9300":"Blanc froid","DEL_DEVICE":"Supprimer l'équipement","DEL_DEVICE_TIP":"Entrer le nom correct de cet équipement pour valider la suppression","ADD_DEVICE":"Ajouter un nouvel équipement","ADD_DEVICE_TIP":"Veuillez entrer la ID unique d'équipement","UPGRADE":"Mettre à jour à","ADD_DEVICE_SUCCESS":"Addition d'équipement réussi","AP_PASSWORD_TITLE":"Modifier le code secret de poitn chaud sans fil","AP_PASSWORD_TIP":"Veuillez entrer 8-16 lettres + chiffres, autres que le code secret initial","DEVICE_EMPTY_GOADD":"Aucun équipement, désirez d'ajouter un nouveau?","REPORT_LOCATION":"Lieu de rapport","REBOOT":"Redémarrer l'appareil","REBOOT_TIP":"Êtes-vous sûr de vouloir redémarrer votre appareil?","WIFI_TITLE":"Mise en réseau d'appareils","WIFI_SCANNING":"Recherche d'appareils...","WIFI_SCANNING_NUM":"{{Num}} appareils trouvés à proximité","WIFI_SCANNING_FAILED":"La recherche a échoué, veuillez réessayer！","WIFI_ENABLED_TIP":"Vous devez activer le WIFI, veuillez cliquer sur le bouton OK et autoriser","WIFI_PASSWORD":"Veuillez saisir le mot de passe","WIFI_PASSWORD_MSG":"Veuillez saisir le mot de passe pour {{name}} <br> Le mot de passe initial de l'appareil est: 12345678","WIFI_PASSWORD_AP":"Veuillez saisir {{name}} mot de passe WIFI","WIFI_CONNECTED":"Connecté","WIFI_CONNECT":"Veuillez connecter l'appareil","WIFI_CONNECT_OK":"Appareil connecté {{name}}","WIFI_CONNECT_FAILED":"La connexion a échoué, veuillez vérifier le mot de passe ou l'appareil","WIFI_CONNECT_TIP":"Vous devez connecter le téléphone au point d'accès AP de l'écran. Voulez-vous le configurer?","WIFI_SELECT_TIP":"Veuillez sélectionner le réseau WIFI","WIFI_SETUP_OK":"Envoyer le mot de passe WIFI avec succès","WIFI_ENCRYPTED":"Cryptage","WIFI_NETWORK_INFO":"Informations sur le réseau","WIFI_NETWORK_SETTING":"Paramètres de mise en réseau","WIFI_NETWORK_BTN":"Mettre en place","WIFI_NETWORK_IP":"Adresse IP","WIFI_NETWORK_STATE":"État du réseau","WIFI_NETWORK_OK":"Connecté","WIFI_NETWORK_FAILED":"Non connecté","DEVICE_NONEX":"Cet appareil n'est pas celui de la société Jinghong, impossible de continuer l'opération","SETUP":"Configurez le réseau","RESET":"Réinitialisez","RESET_TIP":"Cette opération effacera le contenu de lecture de l'appareil [{{name}}] et restaurera la vidéo initiale par défaut. Voulez-vous vraiment le réinitialiser?","WIFI_ENABLED_TIP_IOS":"La configuration réseau de l'appareil nécessite l'activation du WIFI du téléphone mobile. Voulez-vous l'activer?","WIFI_PASSWORD_TIP":"Entrez un mot de passe composé d'au moins de 8 caractères","WIFI_CONNECTING":"Connexion en cours {{name}}...","WIFI_CONNECT_FAILED2":"Le téléphone mobile ne peut pas se connecter automatiquement à l'écran, veuillez accéder à la liste WIFI du système pour vous connecter manuellement {{ssid}} (mot de passe{{pwd}}), puis revenir à l'interface APP pour terminer la configuration du réseau.","WIFI_PASSWORD_EMPTY":"Si vous vous connectez au WIFI non crypté, d'autres personnes peuvent voir les messages que vous avez envoyés via ce réseau. Voulez-vous vraiment vous connecter à ce WIFI?","WIFI_CONNECT_STR":"Lorsque l'appareil est connecté au réseau, vous devez vous connecter au poind chaud {{ssid}} de {{name}} . Assurez-vous que {{name}} est allumé et que le téléphone mobile est à moins de 10 mètres de cet appareil.","WIFI_MOBILE_DATA_TIP":"Défaillance d'obtenir des informations sur l'appareil, ressayez après de fermer le réseau de données 4G du téléphone mobile","WIFI_CONNECT_BTN":"Se conncter à {{name}}","BLUETOOTH":"Audio Bluetooth","BLUETOOTH_PAIR":"Appariement Bluetooth","BLUETOOTH_SCANNING":"Recherche de Bluetooth en cours...","BLUETOOTH_PAIRING":"Appariement en cours avec {{name}}...","BLUETOOTH_CONNECT":"Connexion  ","BLUETOOTH_CONNECTED":"Connecté","BLUETOOTH_CONNECT_TIP":"Vérifiez si l'appareil Bluetooth {{name}} est allumé et s'il est à moins de 10 mètres de l'écran","BLUETOOTH_CONNECT_FAIL":"Connexion échouée, rassurez-vous que l'appareil Bluetooth est à moins de 10 mètres de l'écran","BLUETOOTH_DISCONNECT_TIP":"Voulez-vous vraiment interrompre la connexion Bluetooth?","BLUETOOTH_LIST":"Appareils Bluetooth trouvés","BLUETOOTH_EMPTY":"Aucun appareil Bluetooth disponible à proximité","DEVICE_MODE":"Changez le mode d'appareil","DEVICE_OFFLINE":"L'appareil est hors ligne","DEVICE_POWER_TIP":"Il est possible que cet appareil ne soit pas démarré, vérifiez l'alimentation ou démarrez l'appareil, puis actualisez l'interface pour terminer la configuration du réseau","SCREEN_NUM_SETUP":"Nombre d'assemblage des écrans","REPORT_MSG":"Veuillez marquer l'emplacement sur la carte","WIFI_CONNECT_INPUT":"Veuillez saisir le nom du point d'accès de l'appareil","DEVICE_SAMENAME":"Plusieurs points d'accès ont le même nom, veuillez essayer le mot de passe suivant","SHARE":"Autorisation de partage","SHARE_TYPE1":"Mode standard","SHARE_TYPE2":"Mode proportionnel","SHARE_EXISTS":"L'utilisateur a été autorisé","SHARE_INPUT_TIP":"Saisissez les mots clés des utilisateurs","SHARE_EMPTY":"Aucun utilisateur autorisé pour le moment","SHARE_RATIO_TITLE":"Ratio de lecture autorisé","SHARE_RATIO_MY":"Mon ratio de jeu","SHARE_USER_TITLE":"Utilisateur autorisé","SHARE_TIP":"Instructions de partage","SHARE_USER_NOTEXIST":"Le compte n'existe pas","SHARE_TIPS":"1. Un appareil ne peut choisir qu'un seul mode d'autorisation <br>2. Une fois le mode de commutation enregistré, les dernières informations utilisateur autorisées seront effacées <br>3. En mode proportionnel, un appareil ne peut être autorisé qu'à un seul utilisateur","MAP_NOGPS":"Impossible d'obtenir l'emplacement, veuillez vérifier l'autorisation GPS ou confirmer si le GPS est activé","WIFI_FORGET":"Oublier","WIFI_FORGET_CONFIRM":"Voulez-vous vraiment oublier le lien WIFI?","PERMISSION_GPS_TIP":"La mise en réseau de l'appareil nécessite des autorisations de fonctionnement réseau et GPS, la désactivation de l'autorisation peut ne pas continuer à fonctionner!","HDMI_SWITCH":"Activer HDMI","HDMI_POSITION":"Emplacement de sortie de l'écran HDMI","CLOCK_TITLE":"état d 'horloge","CLOCK_COLOR":"Couleur du texte","CLOCK_BGCOLOR":"Couleur de fond","CLOCK_BOLD":"Caractères gras","CLOCK_PANEL":"Afficher sur le {{num}} écran","CLOCK_DISPANEL":"Nombre d 'écrans","CLOCK_TYPE":"Mode d 'affichage","CLOCK_FULL":"Date complète","CLOCK_TYPE_OPT1":"Afficher","CLOCK_TYPE_OPT2":"Tout le temps.","CLOCK_CLOSE":"Éteignez l'horloge","CLOCK_OPEN":"Enregistrer l'horloge","COUNTDOWN_TITLE":"Compte à rebours","COUNTDOWN_HOUR":"Heure de compte à rebours","COUNTDOWN_MINUTE":"Demi - heure","COUNTDOWN_START":"Heure de début","COUNTDOWN_END":"00:00 après la fin","COUNTDOWN_CLOSE":"Coupez le compte à rebours.","COUNTDOWN_STARTNOW":"Commencez maintenant","SCREEN_ROTATE":"L'écran tourne à 180 degrés.","SENSOR_TITLE":"Informations de capteur","SENSOR_MASTER":"Capteur principal","SENSOR_SLAVE":"Capteur","SENSOR_TEMP":"Temperature","SENSOR_HUMIDITY":"Humidité","SENSOR_BRIGHTNESS":"Valeur de luminosité","SENSOR_SWITCH":"Commutation","SENSOR_AUTOBRIGHT":"Luminosité automatique","DEVICE_EMPTY":"Vous n 'avez peut - être pas","SCANQR_TITLE":"Scan bidimensionnel","SCANQR_INPUT":"Main input","UPGRADE_CONFIRM":"La mise à jour durera 1-2min, pendant la mise à jour, il ne faut pas couper l'électricité d'équipement, confirmez la mise à jour?","UPGRADE_SEND_SUCCESS":"Envoyez la demande de mise à niveau. Veuillez attendre la mise à niveau."},"WALLET":{"RECORD_DETAIL_TITLE":"Détail de transaction","RECORD_DETAIL_NO":"Numéro de commande","RECORD_DETAIL_DATE":"Temps","RECORD_DETAIL_CURRENCY":"Type de monnaie","RECORD_DETAIL_AMOUNT":"Montant de transaction","RECORD_DETAIL_COINS":"Pièce d'or de transaction","RECORD_DETAIL_BALANCE":"Solde en portefeuille","RECORD_COINS":"Monnaie"},"ORDER":{"DETAIL_ORDER_CONFIRM":"Après confirmation, cette vidéo sera copiée dans votre programme.","DETAIL_BTN_PREVIEW":"Parcours en équipement","DETAIL_BTN_REMARK":"Soumettre un commentaire","DETAIL_BTN_CONFIRM":"Confirmer","DETAIL_CONFIRM_TIP":"Commande confirmée","DETAIL_CONFIRM_NOAMOUNT":"Solde insuffisant","DETAIL_CANCEL_TIP":"Confirmez d'annuler la commande {{sn}}?","DETAIL_MODIFY_MSG":"Veuillez entrer votre commentaire","CONFIRM_TITLE":"Confirmation de commande","CONFIRM_ORDER_MSG":"Veuillez confirmer l'article {{orderItemsCount}} que vous désirez d'acheter, il faut payer {{orderAmount}}.","ORDER_NUMBER":"Numéro de commande","ORDER_AMOUNT":"Montant de commande","SUBMIT":"Soumettre la commande","SUBMIT_PAY":"Valider le paiement","ORDER_TYPE":"Type de commande","ORDER_STATUS":"État de la commande","ORDER_GOODS_DETAIL":"Détails du produit","TITLE":"Ma commande","ORDER_REMARK":"Bon de commande","BTN_COMPLETE":"Confirmer","BTN_REWORK":"Soumettre un commentaire","ORDER_PAYED":"Paiement réussi de commande découpée, veuillez patienter pour traitement de concepteur","STATE_PENDING":"A payer","STATE_PAID":"Payé","STATE_PUSH":"Téléchargé","STATE_SCANCEL":"Expiré","STATE_UCANCEL":"Annulé","STATE_REWORK":"Révisé","STATE_REPUSH":"Transférer à nouveau","STATE_FINISH":"Terminé","STATE_REFUND":"Échec de la transaction","STATE_REINFO":"Les données ne correspondent pas","BTN_CANCEL":"Annuler la commande","STATE_START":"Commencer à faire","BTN_MODIFY":"Modifier l'ordre","TITLE_DETAIL":"La commande","DETAIL_ORDER_CONFIRM6":"Cette image remplacera votre image originale.","DETAIL_ORDER_CONFIRM5":"Le contenu sera copié dans votre bibliothèque.","DETAIL_ORDER_CONFIRM1":"Cette vidéo sera copiée dans votre bibliothèque de programmes.","ORDER_EMPTY":"Vous n'avez pas de commande."},"WELCOME":{"REG_PROTOCAL":"La création signifie votre consentement à nos || clauses de service || et || politique de confidentialité.","UPDATE_NEW":"nouvelle version","UPDATE_NEW_VERSION":"Devrais-je mettre à jour la nouvelle version?","UPDATE_TIP":"Téléchargement des mises à jour ({{num}}%) ...","UPDATE_REBOOT":"S'il vous plaît redémarrer l'application","GUIDE_HELLO":"Bienvenue sur NexCloud","GUIDE_PAGE1":"Les produits de la série NP sont des écrans d'affichage électroniques LED transparents, utilisés dans diverses publicités de vitrines à travers le monde, et ils constituent une nouvelle solution d'affichage transparente tout-en-un pour les publicités de vitrines dans les petites et moyennes boutiques et magasins de détail.","GUIDE_PAGE2":"Les produits de la série des écrans oculaires sont des écrans électroniques LED de dessus-de-porte transparents en verre , qui sont utilisés pour le dessus-de-porte commercial, les vitrines de magasins et les panneaux de signalisation. Ils peuvent être étendus à volonté et son installation est facile.","GUIDE_PAGE3":"Scannez le code QR de l'appareil et entrez dans l'interface de travail correspondante","GUIDE_SCANQR":"Cliquez sur Scannage du code","GUIDE_START":"Faisons l'expérience","GUIDE_SETUP_TIP":"L'appareil [{{name}}] est hors ligne. Voulez-vous configurer le réseau immédiatement?","GUIDE_SETUP_YES":"Configurez le réseau immédiatement","GUIDE_SETUP_NO":"Configurez le réseau ultérieurement","GUIDE_SETUP_SKIP":"Ignorez le guide","GUIDE_SETUP_MODE":"Sélectionnez le mode de travail","GUIDE_SETUP_MODE_TIP":"Sélectionnez un mode de travail","GUIDE_SETUP_MODE_MSG":"Si vous ne savez pas comment sélectionner, vous pouvez en sélectionner un arbitrairement, et vous pourrez changer le mode dans [Compte> Appareil] ultérieurement","GUIDE_MODE_NEXPOSTER":"NexPoster (mode écran affiche)","GUIDE_MODE_NEXESIGN":"NexEsign (mode écran de dessus-de-porte)","GUIDE_CHECK_STATUS":"Vérification en cours de l'état du réseau","UPDATE_ERROR":"La mise à jour échoue, Veuillez réessayer plus tard!"},"GUIDE":{"PUBLIC_SLIDELEFT":"Faites glisser vers la gauche pour éditer ou supprimer les données","PUBLIC_MORE":"Pour plus de fonctions, veuillez cliquer sur le bouton en haut à droite","CONTENT_NEW":"Cliquez pour créer un programme DIY et essayez","CONTENT_UPVIDEO":"Cliquez sur le bouton pour télécharger un programme vidéo et essayez","PLAYLIST_NEW":"Le programme n'a pas encore de programmes, cliquez pour rejoindre le programme","PLAYLIST_SLIDELEFT":"Faites glisser vers la gauche pour copier ou supprimer le programme, et appuyez sur le bouton pour le trier vers le haut et vers le bas","DEVICES_SLIDELEFT":"Faites glisser vers la gauche pour renommer l'appareil","DEVICES_NEW":"Cliquez sur le bouton pour numériser le code pour ajouter un nouvel appareil","EDITOR_ADDTEXT":"Cliquez sur le bouton pour ajouter du texte à l’éditeur","EDITOR_ADDIMAGE":"Cliquez sur le bouton pour ajouter du matériel à l’éditeur","EDITOR_PLAY":"Cliquez sur le bouton de lecture pour prévisualiser l'effet","EDITOR_END":"Cliquez sur le bouton pour visualiser ou enregistrer DIY sur l'appareil","EDITOR_PREVIEW":"Envoyer à l'aperçu de l'appareil","EDITOR_SAVE":"Cliquez sur le bouton pour enregistrer DIY"},"TAB_PUBLISH":"Play","TAB_CONTENT":"Contenu","TAB_STORE":"Magasin","TAB_EDITOR":"Éditeur","TAB_ACCOUNT":"Compte","EXIT_APP":"Est - ce qu'on quitte l'AP?","COMP":{"CAL_WEEKS_START":"0","CAL_WEEKS_SU":"Dimanche","CAL_WEEKS_MO":"Lundi","CAL_WEEKS_TU":"Mardi","CAL_WEEKS_WE":"Mercredi","CAL_WEEKS_TH":"Jeudi","CAL_WEEKS_FR":"Vendredi","CAL_WEEKS_ST":"Samedi","CAL_MONTHS0":"Janvier","CAL_MONTHS1":"Février","CAL_MONTHS2":"Mars","CAL_MONTHS3":"Avril","CAL_MONTHS4":"Mai","CAL_MONTHS5":"Juin","CAL_MONTHS6":"Juillet","CAL_MONTHS7":"Août","CAL_MONTHS8":"Septembre","CAL_MONTHS9":"Octobre","CAL_MONTHS10":"Novembre","CAL_MONTHS11":"Décembre"}}