{"DAYMODEL":{"NODATA_LIST":"{{name}}日模式中還沒有節目單，去添加嗎？","TITLE":"日模式","NODATA":"還沒有日模式，去添加…","NODATA_DETAIL":"還沒有日模式…","MAX_LIMIT":"日期模板數量已達到上限","ADD_TITLE":"請輸入新模式名稱","ISUSE":"訪日模板正在使用","NAME_EMPTY":"日模板名稱不能為空","NAME_TOLONG":"日模式名稱不能超過 {{num}} 個字符","NAME_EXISTS":"日模式名稱已存在","EDIT_DEFAULT_TITLE":"默認節目單","EDIT_CHOOSE":"選擇節目單","ITEM_INCOMPLETE":"第  {{item}}  項填寫不完整","ITEM_NO_PLAYLIST":"請選擇第{{item}} 項節目單","ITEM_NO_TIMESLOT":"請設置第{{item}} 項時間段","ITEM_ETIME_GT_STIME":"第{{item}} 項結束時間應大于開始時間","ITEM_STIME_LT_ETIME":"第{{item}} 項開始時間應小于結束時間","ITEM_TIME_OVERLAP":"第{{item}} 項時間重疊","ITEM_TIME_EXIST":"第{{item}} 項時間有沖突","ITEM_MAX_LIMIT":"時間線數量已達到上限","ADD_TITLE_MSG":"日模式名稱長度應在2-20個字元"},"EDITOR_TEXT":{"ANIM_SWING":"搖擺","TITLE":"文字編輯","TAB_TEXT":"文字","TAB_TYPEFACE":"字體","TAB_EFFECT":"效果","TAB_ANIMATION":"動畫","INPUT_TITLE":"請輸入文字","INPUT_TOLONG":"字符長度應在{{num}}以內","FONT_TEXT":"文字內容","FONT_SIZE":"字體大小","FONT_STYLE":"字體樣式","SHADOW_COLOR":"陰影顏色","OUTLINE":"鏤空","ALPHA":"透明度","GRADIENT":"漸變類型","GRADIENT_NO":"不漸變","GRADIENT_YES":"按設定的顏色漸變","GRADIENT_RAND":"隨機漸變","BORDER_COLOR":"邊框顏色","BORDER_WIDTH":"邊框粗細","BORDER_BACKGROUND":"邊框背景","BORDER_DOTTED":"虛線","BORDER_SOLID":"實線","TEXT_SCATTER":"文字分散","TEXT_PLAYTIMES":"動畫次數","TEXT_MOVE":"文字移動","PLAY_1TIMES":"播放1次","PLAY_2TIMES":"播放2次","PLAY_3TIMES":"播放2次","PLAY_4TIMES":"播放4次","PLAY_REPEAT":"重複播放","ANIM_IN":"入場","ANIM_FLYIN":"飛入","ANIM_OUTIN":"出入場","ANIM_FLIP":"翻轉","ANIM_ROLLED":"翻滾","ANIM_ROTATE":"旋轉","ANIM_JUMP":"跳躍","ANIM_PRINT":"打字","ANIM_ZOOM":"縮放","ANIM_LEFT_BOUNCE":"向左反彈","ANIM_DROP_BOUNCE":"掉落反彈","ANIM_EMPTY":"無動畫","FONT_SELECT_TITLE":"選擇字體","MOVE_SPEEK_FAST":"快","MOVE_SPEEK_SLOW":"慢","SPRITE_TITLE":"素材編輯","FONT_SPACE":"字體間距","FONT_MOVE_STYLE":"樣式方向","TEXT_MOVE_SPEED":"滾動速度","MOVE_SPEEK_SLOWEST":"最慢","MOVE_SPEEK_STANDARD":"標準速度","MOVE_SPEEK_FASTEST":"最快速","TEXT_SCROLL_TYPE":"滾動類型","TEXT_SCROLL_ONCE":"一次","TEXT_SCROLL_LOOP":"迴圈","TEXT_SCROLL_LINK":"首尾相接","TEXT_SCROLL_NUM":"迴圈次數","TEXT_SCROLL_NUMTIP":"迴圈次數必須大於0次","TEXT_SCROLL_TIMETIP":"首尾相接迴圈次應小於100次"},"PUBLISH":{"ADD_PROGRAM_SCREEN_ORIENTATION":"屏幕拼接方式","TITLE":"播放","BTN_PUBLISH":"我要發布","DEVICE_PREVIEW_TITLE":"請選擇設備","LIST_TITLE":"節目單","LIST_NODATA":"還沒有創建節目單，去創建...","LIST_ADD_TITLE":"添加節目單","LIST_EMPTY":"還沒有節目單，點擊 “+” 按鈕創建","LIST_DETAIL_EMPTY":"還沒有選擇播放內容，點擊 “+” 按鈕添加","LIST_TOTAL_TIME":"節目單時長: {{time}} 秒","LIST_NAME_LIMIT":"節目單名稱應為 2-30個字符","ADD_PROGRAM_NAME":"節目單名稱","ADD_PROGRAM_SCREEN_NUM":"屏幕拼接數量","ADD_PROGRAM_SCREEN_NUM_TIP":"請選擇屏幕拼接數量","DEVICE_TITLE":"設備狀態","DEVICE_NODATA":"還沒有播放設備，去添加...","DEVICE_LIST_EMPTY":"你還沒有播放設備，請點擊右上角 \"+\" 號新增設備","DETAIL_LAST":"最后發布","DETAIL_RATIO":"播放比例","DETAIL_LAST_TIME":"發布時間","DETAIL_EMPTY":"該設備還沒有播放信息","DETAIL_TITLE_LIST":"當前播放的節目單","DETAIL_TITLE_SCHEDULE":"當前播放的日程","DEVICE_STATE_TITLE":"播放狀態","PUSH_TITLE":"播放發布","PUSH_PREVIEW":"節目預覽","PUSH_SEND":"推送","PUSH_STEP1":"選擇設備","PUSH_STEP2":"選擇節目單","PUSH_STEP3":"推送播放","PUSH_DEVICE_MODE":"分組顯示","PUSH_TAB_PROGRAM":"按節目單播放","PUSH_TAB_SCHEDULE":"按日程播放","PUSH_PLAY_TYPE":"播放方式","PUSH_ALLTIME":"循環播放","PUSH_ONETIME":"播放一次","PUSH_OK":"發送成功！","PUSH_FAILED":"發送失敗，請稍后重試！","PUSH_STATUS_OK":"推送成功","PUSH_STATUS_OFFLINE":"設備離線","PUSH_STATUS_FAILED":"推送失敗","PUSH_STATUS_WAIT":"待推送","PUSH_LIST_EMPTY":"還沒有節目單，請先創建","PUSH_DEVICE_EMPTY":"還沒有添加任何設備","PUSH_SCHEDULE_MSG":"請選擇模型色塊，在日歷中標記","SCHEDULE_TIPS":"1.點擊選中日模型顏色可在日歷中標記<br>2.切換日模型顏色可在日歷中重新標記<br>3.在日歷中滑動可批量標記顏色<br>4.取消選中日模型或單擊日歷可取消標記<br>5.點擊設置按鈕可以修改或者添加更多日模型","PUSH_TAB_PLAYLIST":"按節目單播放"},"CONTENT":{"TITLE":"節目內容","PROGRAM_TITLE":"節目管理","DIY_TITLE":"DIY節目","VIDEO_TITLE":"視頻節目","MATERIAL_TITLE":"素材管理","SELECTOR_TITLE":"已審核節目","SELECTOR_DIY_TITLE":"我的DIY庫","EMPTY_DATA":"暫無數據，請先制作節目或在商店定制節目","EMPTY_MATERIAL_DATA":"暫無數據，請先在商店購買素材","USER_TITLE":"我的節目","PUBLIC_TITLE":"公司節目","USER_VIDEO":"我的視頻","PUBLIC_VIDEO":"公司視頻","USER_MATERIAL":"我的素材","PUBLIC_MATERIAL":"公司素材","VIDEO_UPLOAD":"上傳視頻","TPL_AUDIT1":"待初審","TPL_AUDIT2":"初審不通過","TPL_AUDIT3":"初審通過","TPL_AUDIT4":"終審不通過","TPL_AUDIT5":"終審通過","UPLOAD_BTN":"開始上傳","UPLOAD_ING":"正在上傳({{num}}%)...","UPLOAD_VIDEO_TITLE":"視頻上傳","UPLOAD_VIDEO_NAME":"視頻名稱","UPLOAD_VIDEO_SIZE":"視頻大小","UPLOAD_VIDEO_LIMIT":"上傳視頻應在20M以內，請先剪輯后上傳","UPLOAD_TEXT_TIP":"請輸入2-60字符的節目名稱","UPLOAD_BTN_VIDEO":"選擇視頻","REMARK_TIP":"請輸入備注說明 ","UPLOAD_IMAGE_TITLE":"上傳圖片","UPLOAD_IMAGE_ORDER":"上偉摳圖訂單","UPLOAD_IMAGE":"上偉圖片","UPLOAD_IMAGE_PNG":"上傳PNG透明圖","UPLOAD_ORDER_CUTOUT":"摳圖原圖片","UPLOAD_ORDER_TITLE":"摳圖訂單","UPLOAD_ORDER_CONFIRM":"確定要創建摳圖訂單嗎？","UPLOAD_ORDER_CONFIRM_PAY":"將從帳戶中扣除{{num}} 個N幣，確定要付款嗎？","UPLOAD_RESELECT":"重新上傳","SUPPORTED_EXT":"請上傳PNG,JPEG圖片格式","SCREEN_NUM":"{{num}}個屏幕","VIDEO_SCREEN_EDIT":"修改屬性","CONTENTS_TITLE":"節目管理"},"API":{"MSG_USER_NAME_EXISTS":"賬戶名或郵箱已經被註冊","MSG_NUMBER_OF_SCREENS_HAS_CHANGED":"屏幕設置已改變，請嘗試刷新界面","MSG_PLEASE_CHANGE_PASSWORD":"為了您的賬戶安全，請修改密碼","MSG_ORDER_STATUS_CHANGED":"訂單狀態可能已經改變","MSG_NEXNOVO_ACCOUNT_HAS_BEEN_BOUND_WX":"該賬戶已綁定過微信","MSG_WX_ACCOUNT_HAS_BEEN_BOUND":"該微信已被綁定過","MSG_WX_ACCESS_TOKEN_ERROR":"微信授權失敗","MSG_TOKEN_INVALID":"登錄過期了，請重新登錄!","MSG_ACCOUNT_DISABLED_WRONG_PASSWORD":"該賬號因多次輸入密碼錯誤，請在{{time}}再試!","MSG_TEMPLATE_REVIEW_FAILED_NOT_MODIFY":"節目審核失敗，無法修改","MSG_COLOR_EXISTS":"顏色已經被使用","MSG_COMPANY_PURCHASED":"你的公司已經購買了這個商品","MSG_GOODS_PURCHASED":"你已經購買過這個商品","MSG_ORDER_WAITING_PAID":"請在訂單中確認并支付","MSG_TEMPLATE_AUDIT_FAILURE":"該節目未通過審核","MSG_PLAY_CONTENT_EMPTY":"播放內容為空","MSG_VERIFICATION_EXPIRED":"驗證碼已失效，請重新輸入!","MSG_VERIFICATION_INCORRECT":"驗證碼不正確","MSG_TEMPLATES_REMOVED":"模板已被刪除","MSG_USER_NAME_OR_USER_PWD_ERROR":"用戶或密碼錯誤","MSG_DAYMODEL_USED":"日模式已被使用","MSG_BALANCE_INSUFFICIENT":"餘額不足，請在“賬戶-餘額”中充值","MSG_USER_DISABLED":"該用戶已被禁用","MSG_NOT_PERMISSION_MODIFY_TEMPLATE":"沒權限修改次模板","MSG_DEVICE_NOT_OWNER":"沒有權限修改設備信息","MSG_PERMISSION_DENIED":"該賬戶沒有權限操作該功能","MSG_OLD_PASSWORD_ERROR":"當前的舊密碼錯誤","MSG_PLAYLIST_USED":"該節目單正在使用，不能刪除","MSG_TEMPLATES_AUDIT_FAILURE":"不可修改審核不通過的內容","MSG_DEVICE_ACTIVATED":"該設備可能已綁定過賬戶","MSG_DATA_NOTFOUND":"沒找到相應數據","MSG_NAME_EXISTS":"名稱已存在","MSG_TEMPLATE_NOT_FOUND":"所選節目單中沒有內容","MSG_TEMPLATE_REPEATE_ISEMPTY":"所選節目單播放內容為空","MSG_TEMPLATES_EXISTING_PLAYLIST":"不能刪除已在[節目單]中使用的節目","MSG_GOODS_NOT_FOUND":"未找到商品","MSG_EXCEPTION":"請求異常，請稍後再試!","MSG_NOT_FOUND":"非法請求","MSG_AREA_NOT_SUPPORT_PHONE_VERIFY":"您所在地區/國家不支持手機號驗證","MSG_VERIFICATION_CODE_ERROR":"驗證碼錯誤","MSG_PHONE_HAS_BEEN_REGISTER":"手機號已被註冊","MSG_EMAIL_HAS_BEEN_REGISTER":"郵箱已被註冊","MSG_PASSWORD_EXPIRE":"密碼已過有效期，請修改密碼","MSG_PASSWORD_NOT_MEET_RULES":"新密碼不符合規則","MSG_PLEASE_GET_VERIFY_CODE_LATER":"驗證碼發送太頻繁，請稍後再試","PASSWORD_RULES_DEFAULT":"密碼應為8到16位的數字字母組合","PASSWORD_RULES_ONE":"密碼長度應大於等於8小於等於16位的字符","PASSWORD_RULES_TWO":"密碼長度應大於等於8小於等於16位的數字、大小寫字母組合，數字、大寫字母、小寫字母都必須含有一個","PASSWORD_RULES_THREE":"密碼長度應大於等於8小於等於16位的數字、大小寫字母、特殊字符組合，數字、大寫字母、小寫字母、特殊字符都必須含有一個","MSG_PASSWORD_NOT_ALLOW_SPACES":"密碼不允許含有空格","MSG_TOKEN_EXPIRED":"登入過期了，請重新登入！","MSG_PARAMETER_NOTEMPTY":"參數不能為空","MSG_DEVICE_OFFLINE":"設備不線上","MSG_USER_PHONE_EXISTS":"手機號碼已被注册"},"STORE":{"TAB_ALL":"所有","TAB_DIY":"DIY","TAB_TEXT":"文字","TAB_BGROUND":"背景","TAB_ANIM":"動畫","TAB_VID":"視頻","TAB_CUS":"定制","TAB_PIC":"圖片","SEARCH_TIP":"搜索","LIST_VIDEO_BASE":"標準視頻","LIST_VIDEO_CUS":"定制視頻","LIST_TEXT_BASE":"標準文字","LIST_TEXT_CUS":"定制文字","FILTER_TITLE":"篩選","DESIGNER":"設計師","PRICE":"價格","PRICE_FREE":"免費","PRICE_MIN":"最低價","PRICE_MAX":"最高價","PRICE_WANING":"最高價不能小于最低價","SAVE_TYPE_SELECT":"請選擇定制視頻的節目屬性","BUY_TYPE_TRUE":"購買為我的節目","BUY_TYPE_FALSE":"購買為公司節目","BUY_SUCCESS":"訂單處理成功","BUY_ORDER_CANCEL":"訂單號#{{sn}}已創建，你還可以去帳戶中心>訂單中再次付款","BUY_ORDER_SUCCESS":"訂單提交成功，訂單號碼是#{{sn}}，請到帳戶>訂單里面跟蹤當前訂單的制作情況","BUY_PURCHASED":"訂節目已存在訂單中，請在帳戶>訂單中查看","BUY_BALANCE_INSUFFICIENT":"帳戶余額不足，請先充值","EMPTY_DATA":"暫無數據，請在編輯器中添加素材DIY","DETAIL_TO_STORE":"公開到商店","DETAIL_COLLECTED":"已收藏","DETAIL_BOUGHT":"已購買","DETAIL_NOPAY":"待付款","DETAIL_BTN_FAV":"收藏","DETAIL_BTN_PREVIEW":"在設備預覽","DETAIL_BTN_CUS":"定制","DETAIL_BTN_DIY":"DIY","DETAIL_BTN_ORGIMG":"瀏覽原圖","DETAIL_BTN_DESIMG":"瀏覽摳圖","DETAIL_BTN_CUT":"摳圖服務","DETAIL_BTN_ORDER":"訂單詳情","DETAIL_BTN_BUY":"購買","INPUT_TEXT_TIP":"定制文字長度應在1-16位","INPUT_IMAGE_TIP":"請選擇需替換的圖片上傳"},"H5EDITOR":{"TITLE":"DIY","SAVE_TYPE":"請選擇保存方式","NO_PERMISSION":"沒有權限保存，請聯系你的管理員","NO_SLIDES":"還沒有添加任何素材","SLIDER_EMPTY":"請在幻燈片中添加內容 ","NAV_ADD_IMAGE":"從商店添加","NAV_ADD_USER":"從素材庫添加","NAV_ADD_TEXT":"添加文本","POP_ITEM_TXT":"編輯文字","POP_ITEM_DUP":"復制","POP_ITEM_FULL":"平鋪","POP_ITEM_BTF":"移到最前","POP_ITEM_BTB":"移到最后","POP_ITEM_LOC":"鎖定","POP_ITEM_ULO":"解鎖","POP_ITEM_DEL":"刪除","SAVE_TITLE":"保存節目","SAVE_SUBTITLE":"請輸入保存名稱","SELECTOR_STORE":"商店素材","SELECTOR_USER1":"背景庫","SELECTOR_USER2":"素材庫","SELECTOR_TAB_MY":"我的","SELECTOR_TAB_PUB":"公司","SELECTOR_TAB_BOUGHT":"已購","SELECTOR_TAB_FAV":"收藏","START_RECENT":"最近DIY的節目","START_MORE":"更多","EMPTY_RECENT":"還沒有歷史記錄，點擊按鈕開始DIY吧...","START_DIY":"開始DIY","OBJECTS_LIMIT":"{{type}}素材最多不能超過{{num}}個","ADD_CONTENT":"創建DIY節目","ADD_DIY":"自由DIY","ADD_SLIDE":"幻燈模式","ADD_VIDEO":"視頻模式","SELECT_SCREEN":"請選擇屏幕類型","SELECT_PICTURE_TITLE":"選擇圖片","SELECT_VIDEO_TITLE":"選擇視頻","SLIDE_TITLE":"幻燈片","SLIDE_TOTAL_TIME":"播放總時長","SLIDE_PLAY":"播放預覽","SLIDE_TRANS_SELECT":"請選擇過渡效果","SLIDE_THUNMP_TIP":"播放時點擊[剪刀]可截取封面圖","BTN_ADD_TEXT":"添加文字","BTN_ADD_IMAGE":"添加圖片","BTN_BACKGROUD":"背景設置","BTN_EDITOR":"素材編輯","BTN_TIMELINE":"出廠時間","BTN_PREVIEW":"預覽","PLAYER_TITLE":"播放預覽","PREVIEW_TITLE":"在設備播放","PLAYED_HIDE":"播放一次后隱藏","POP_ITEM_NOFULL":"原始","ADD_SCROLL":"創建走字節目","BTN_SPRITE":"添加素材","BTN_SLIDERS":"幻燈頁"},"EDITOR_IMAGE":{"TITLE":"圖片編輯","NAV_CHOOSE":"選擇","NAV_ROTATE":"旋轉","NAV_MAGIC":"摳圖","NAV_CORP":"剪切","NAV_FLIP":"鏡像","NAV_YES":"確定","NAV_COLOR":"取色","NAV_TOLERANCE":"容差","NAV_UNDO":"撤銷","NAV_REDO":"恢復","NAV_REMOVE":"去除","NAV_CUT":"裁剪","NAV_FROM_ALBUM":"從相冊選擇","NAV_FROM_CAMERA":"拍照","NAV_FROM_TRANS":"選擇PNG透明圖","ALERT_PICTURE":"請選擇或拍攝圖片","ALERT_NOEDIT":"沒有編輯任何圖片","ALERT_COLOR":"請點擊圖片取色","ALERT_REQUIRED_CUT":"圖片寬高大於{{width}}x{{height}},請先剪切"},"ACCOUNT":{"NICKNAME":"名稱","NICKNAME_TITLE":"修改暱稱","COUNTRY":"國家/地區","COUNTRY_EDIT_TIP":"國家/地區要修改為 {{name}} 嗎","PASSWORD_TITLE":"修改密碼","PASSWORD_NO_PWD":"沒有設置過密碼","PASSWORD_OLD_TIP":"請輸入當前密碼","PASSWORD_NEW_TIP":"請輸入新密碼","PASSWORD_NEW2_TIP":"請輸入密碼確認","PASSWORD_OLD_ERR":"舊密碼應為8-16位字符","PASSWORD_NEW_ERR":"新的密碼應為8-16位字母+數字的字符","PASSWORD_INIT":"請修改初始密碼","LOGOUT":"退出登錄","USERNAME":"賬戶名","FIRSTNAME":"姓名","LASTNAME":"姓氏","CHANGE_MOBILE":"更換手機號","CHANGE_EMAIL":"更換郵箱","CHANGE_USERNAME":"修改賬戶名","CHANGE_USERNAME_TIP":"賬戶名只能修改壹次，確定要修改嗎？","PROFILE_INFO":"基本資料","PROFILE_SAFE":"賬戶安全","VERIFY_TITLE":"雙因子認證","VERIFY_TYPE":"認證方式","VERIFY_BTN":"獲取驗證碼","VERIFY_SEND":"驗證碼已發送，請注意查收","VERIFY_TIP":"請輸入6位數字的驗證碼","VERIFY_TYPE_MOBILE":"通過接收手機驗證碼驗證","VERIFY_TYPE_EMAIL":"通過接收郵箱驗證碼驗證","VERIFY_ONENABLE":"未開啟","VERIFY_COUNTRY_TIP":"開啟雙因子認證後不能修改國家/地區","VERIFY_ENABLE_TIP":"認證手機或郵箱可開啟雙因子認證，去認證嗎？","MOBILE_TITLE":"驗證綁定手機號","MOBILE_OLD":"現在的手機號","MOBILE_TIP":"請輸入手機號碼","MOBILE_TIP_NEW":"請輸入新的手機號","MOBILE_CHECK_TIP":"請輸入格式正確的手機號","EMAIL_TITLE":"驗證綁定郵箱","EMAIL_OLD":"現在的郵箱","EMAIL_TIP":"請輸入電子郵箱","EMAIL_TIP_NEW":"請輸入新的郵箱","EMAIL_CHECK_TIP":"請輸入格式正確的郵箱","PASSWORD_REST_OK":"密碼修改成功","BTN_LOGOUT":"登出","ITEM_WALLET":"錢包","ITEM_ORDER":"訂單","ITEM_DEVICE":"設備","ITEM_NETWORK":"設備聯網","ITEM_LANG":"語言","ITEM_SERVICE":"關於","ITEM_VERSION":"App版本","CHANGE_NAME":"修改姓名","PROFILE_TITLE":"帳戶設定","WALLET_TITLE":"我的錢包","WALLET_BALANCE":"當前餘額","WALLET_RECHARGE":"充值","WALLET_RECORD":"交易記錄","WALLET_NORECORD":"還沒有交易數據","WALLET_RECORD2":"消費","WALLET_RECORD3":"退款","WALLET_RECORD5":"贈送","WALLET_WEIXIN":"微信支付","WALLET_ALIPAY":"支付寶","WALLET_TYPE":"錢包充值","WALLET_CARD":"信用卡","WALLET_SUCCESS":"錢包充值成功","WALLET_TRANS_AMOUNT":"交易金額","ABOUT_COPYRIGHT":"版權所有NEXNOVO","ABOUT_COMPANY":"<b>深圳市晶泓科技有限公司</b>，國際品牌名為NEXNOVO，成立於2011年，總部位於深圳，在北京、上海均設有辦事處，生產面積近1萬平米。晶泓科技一直專注於透明LED顯示幕研發、生產和銷售。通過ISO9001國際品質體系認證、ISO14001環境管理體系認證，擁有國內外多項專利，2017年XT系列產品榮獲國際工業設計IF大獎，晶泓科技在行業內有較高知名度和品牌美譽度。","ABOUT_WEBSITE":"官方網站：<a target='_blank' href='http://www.nexposter.com'>www.nexposter.com</a>","ABOUT_SALE_EMAIL":"客服郵箱：<a href='mailto:service@nexnovo.com'>service@nexnovo.com</a>","ABOUT_ADDRESS":"聯繫地址：<br>深圳市坪山新區大工業區青蘭一路8號","WALLET_TRANS_COIN":"交易金幣"},"DEVICES":{"VERSION":"版本","HARDWARE_ID":"硬件ID","IP_ADDRESS":"IP地址","WIFI_SSID":"WIFI連接","SETUP":"配置網絡","LOCAL_TIME":"系統時間","TIME_ZONE":"系統時區","TIME_ZONE_MSG":"設置系統時區","REBOOT_TIME":"重啟時間","REBOOT_AUTO":"自動重啟","WORKING_TIME":"工作時間","WORKING_TIME_TITLE":"請選擇開啟和關閉時間","BRIGHTNESS":"當前亮度","BRIGHTNESS_TIMING":"定時亮度","BRIGHTNESS_ADD_TIME":"添加時間","BRIGHTNESS_CHECK_TIP":"請檢查時間格式或零度範圍在0-100之間","BRIGHTNESS_TIME_ALREADY":"該時間已經存在","SCREEN_ONOFF":"開關屏幕","SCREEN_SWITCH_MODE":"屏幕開關模式","SCREEN_BRIGHTNESS_MODE":"屏幕亮度模式","SCREEN_MODE_MANUAL":"手動","SCREEN_MODE_TIMING":"定時","SCREEN_SHOW_PROGRESS":"顯示下載進度","SCREEN_NUM_SETUP":"屏幕拼接數量","COLOR_TEMPERATURE":"色溫","COLOR_TEMPERATURE_4700":"中性白","COLOR_TEMPERATURE_6500":"冷白","COLOR_TEMPERATURE_9300":"冷白","VOLUME":"當前音量","DEL_DEVICE":"刪除設備","DEL_DEVICE_TIP":"輸入訪設備的正確名稱確認刪除","ADD_DEVICE":"激活設備","ADD_DEVICE_TIP":"輸入硬件ID","UPGRADE":"更新到","ADD_DEVICE_SUCCESS":"設備添加成功","AP_NAME":"熱點名稱","AP_PASSWORD":"熱點密碼","AP_PASSWORD_TITLE":"修改無線熱點密碼","AP_PASSWORD_TIP":"請輸入8-16位字母或數字的密碼","DEVICE_EMPTY_GOADD":"還沒有設備，要添加新設備嗎？","REPORT_LOCATION":"上報位置","REPORT_MSG":"請在地圖上標記位置","REBOOT":"重啟設備 ","REBOOT_TIP":"確定要重啟設備嗎？","RESET":"重置設備","RESET_TIP":"該操作將清除設備[{{name}}] 的播放內容，并恢復到默認的初始化視頻，確定要重置嗎？","WIFI_TITLE":"設備聯網","WIFI_SCANNING":"正在掃描WIFI...","WIFI_SCANNING_NUM":"掃描發現附近有{{num}}個設備","WIFI_SCANNING_FAILED":"掃描設備失敗，請點擊重試！","WIFI_ENABLED_TIP":"設備網絡配置需要開啟手機WIFI,請點擊確定授權啟用WIFI","WIFI_ENABLED_TIP_IOS":"設備網絡配置需要開啟手機WIFI,是否去開啟？","WIFI_PASSWORD":"請輸入密碼","WIFI_PASSWORD_MSG":"如果您沒有修改過密碼，請使用設備出廠初始密碼：12345678","WIFI_PASSWORD_AP":"請輸入 {{name}} 的熱點密碼","WIFI_PASSWORD_TIP":"請輸入8位以上字符密碼","WIFI_CONNECTED":"已連接","WIFI_CONNECT":"請連接設備","WIFI_CONNECT_OK":"已連接設備{{name}}","WIFI_CONNECTING":"正在連接{{name}}","WIFI_SELECT_TIP":"請選擇WIFI網絡","WIFI_SETUP_OK":"發送WIFI密碼成功","WIFI_ENCRYPTED":"加密","WIFI_NETWORK_INFO":"設備網絡信息","WIFI_NETWORK_SETTING":"設備聯網設置","WIFI_NETWORK_BTN":"請設置網絡","WIFI_NETWORK_IP":"設備IP地址","WIFI_CONNECT_FAILED":"連接失敗！請檢查{{name}}電源已經打開，確認手機距離設備在10米內","WIFI_NETWORK_STATE":"設備網絡狀態","WIFI_CONNECT_FAILED2":"手機無法自動連接屏體，請跳轉到系統WIFI列表中手動連接 {{ssid}} (密碼為{{pwd}})，然后返回訪APP界面繼續完成網絡配置","WIFI_CONNECT_TIP":"設備聯網需要切換到設置頁面連接屏體AP熱點，是否去設置？","WIFI_CONNECT_INPUT":"請輸入設備熱點名稱","WIFI_NETWORK_OK":"已聯網","WIFI_PASSWORD_EMPTY":"連接未加密WIFI其他人可能會看到你通過此網絡發送的消息，是否確定連接？","WIFI_CONNECT_STR":"設備聯網的過程中，需要連接{{name}}  的熱點 {{ssid}}  ，請確認 {{name}} 電源已經打開，并且手機離設備不超過10米","WIFI_CONNECT_BTN":"連接{{name}}","WIFI_MOBILE_DATA_TIP":"獲取設備信息失敗，請嘗試關閉手機 4G數據網絡再試","BLUETOOTH":"藍牙音頻","BLUETOOTH_PAIR":"藍牙配對","BLUETOOTH_SCANNING":"正在掃描藍牙...","BLUETOOTH_PAIRING":"正在與 {{name}}  進行配對...","BLUETOOTH_CONNECT":"連接","BLUETOOTH_CONNECTED":"已連接","BLUETOOTH_CONNECT_TIP":"請確認藍牙設備 {{name}}  的電源是否打開，并且與屏體的距離在10米內","BLUETOOTH_CONNECT_FAIL":"連接失敗，請確認藍牙設備距離屏體10米內","BLUETOOTH_DISCONNECT_TIP":"確定要斷開藍牙加接嗎","BLUETOOTH_LIST":"已掃描到的藍牙設備","BLUETOOTH_EMPTY":"附近沒有可用的藍牙設備","DEVICE_MODE":"切換設備模式","DEVICE_OFFLINE":"設備已離線","DEVICE_POWER_TIP":"訪設備可能沒有啟動，請檢查電源或啟動設備，再刷新該界面完成網絡配置","DEVICE_NONEX":"請求接口失敗，請檢查設備是否為晶泓公司的設備","DEVICE_SAMENAME":"多個熱點重名，請嘗試以下密碼","SHARE":"分享授權","SHARE_TYPE1":"標準模式","SHARE_TYPE2":"比例模式","SHARE_EXISTS":"該用戶已授權","SHARE_INPUT_TIP":"輸入用戶關鍵詞","SHARE_EMPTY":"暫時還沒有授權用戶","SHARE_RATIO_TITLE":"已授權播放比例","SHARE_RATIO_MY":"我的播放比例","SHARE_USER_TITLE":"已授權用戶","SHARE_TIP":"分享播放授權操作說明 ","SHARE_USER_NOTEXIST":"帳戶不存在","SHARE_TIPS":"1.一臺設備只能選擇一種授權模式<br>2.切換模式保存后，將清除上一次授權的用戶信息<br>3.比例模式下，一臺設備只能授權給一位用戶","MAP_NOGPS":"獲取位置失敗，請檢查GPS權限或確認是否啟用GPS","TITLE":"設備管理","HDMI_SWITCH":"啟用HDMI","HDMI_POSITION":"HDMI屏幕輸出位置","WIFI_FORGET":"忘記","WIFI_FORGET_CONFIRM":"確定要忘記WIFI鏈接嗎？","PERMISSION_GPS_TIP":"設備聯網需要網絡和GPS操作權限，禁用授權可能無法繼續操作！","CLOCK_TITLE":"時鐘狀態","CLOCK_COLOR":"文字顏色","CLOCK_BGCOLOR":"背景顏色","CLOCK_BOLD":"字體加粗","CLOCK_PANEL":"在第{{num}}個屏顯示","CLOCK_DISPANEL":"占荧幕數","CLOCK_TYPE":"顯示方式","CLOCK_FULL":"完整日期","CLOCK_TYPE_OPT1":"一直顯示","CLOCK_TYPE_OPT2":"報時顯示","CLOCK_CLOSE":"關閉時鐘顯示","CLOCK_OPEN":"保存並啟用時鐘","COUNTDOWN_TITLE":"倒數計時","COUNTDOWN_HOUR":"倒數計時小時","COUNTDOWN_MINUTE":"倒數計時分鐘","COUNTDOWN_START":"開始時間","COUNTDOWN_END":"結束後顯示00:00","COUNTDOWN_CLOSE":"關閉倒數計時","COUNTDOWN_STARTNOW":"立即開始","SCREEN_ROTATE":"荧幕旋轉180度","SENSOR_TITLE":"感測器資訊","SENSOR_MASTER":"主感測器","SENSOR_SLAVE":"從感測器","SENSOR_TEMP":"溫度","SENSOR_HUMIDITY":"濕度","SENSOR_BRIGHTNESS":"環境亮度","SENSOR_SWITCH":"切換","SENSOR_AUTOBRIGHT":"自動亮度","DEVICE_EMPTY":"您可能沒有添加設備","SCANQR_TITLE":"掃描二維碼","SCANQR_INPUT":"手動輸入","UPGRADE_CONFIRM":"設備陞級大約需要1-2分鐘，陞級過程中不能斷電，是否確定陞級？","UPGRADE_SEND_SUCCESS":"發送陞級請求成功，請等待設備陞級…"},"PUBLIC":{"PERMISSION_TIP":"由於您沒有權限，講不能繼續操作！","WIFI_DISCONNECT":"手機WIFI已斷開,請檢查手機WIFI!","NET_DISCONNECT":"手機網絡已斷開,請檢查手機網絡!","Y":"是","N":"否","OK":"知道了","YES":"確定","CANCEL":"取消","ADD":"新增","ADDTO":"添加","NEW":"新建","EDIT":"編輯","MODIFY":"修改","DONE":"完成","SAVE":"保存","OPEN":"打開","SEND":"發送","BACK":"返回","RESET":"重置","SECOND":"秒","NOSAVE":"不保存","WAITING":"請等待...","LOADING":"正在加載...","LOADING_FAILED":"加載失敗, 請重試!","SAVE_OK":"保存成功!","SAVE_FAILED":"保存失敗, 請稍後重試!","UPLOAD_OK":"上傳成功!","SEND_OK":"發送成功!","SEND_FAILED":"發送失敗, 請稍後重試!","RENAME":"重命名","RENAME_TITLE":"修改名稱","CHECK_NETWORK":"操作失敗, 請檢查網絡!","COPY":"複製","UPDATE":"更新","DELETE":"刪除","DELETE_OK":"刪除成功!","DELETE_FAILED":"刪除失敗, 請稍後重試！","SELECTED":"選中","TIPS":"提示","CONFIRM":"確認提示","CONFIRM_TIPS":"確定要這樣做嗎?","CONFIRM_DELETE":"確定要刪除嗎?","CONFIRM_SAVE":"是否需要保存變更?","SETTING_OK":"設置成功!","COINS":"N幣","ONLINE":"在線","PORTRAIT":"豎向","LANDSCAPE":"橫向","GOTO_SETTING":"去設置","RES_FAILED":"資源加載失敗，請重試!","CREATE_TIME":"創建時間","EMPTY_TIP":"目前暫無數據, 請點擊右上角\"+\"添加","EMPTY":"沒有查詢到數據，請檢查重試","HELP_TIP":"幫助提示","HELP":"幫助","DETAIL":"詳細","UPLOAD":"上傳","STEP_PREV":"上一步","STEP_NEXT":"下一步","CHECKALL":"全選","OFFLINE":"離線","ENABLE":"開啟","CLOSE":"關閉","CLEAR":"清除","DEFAULT":"默認","MORE":"更多","PREVIEW":"預覽","LAST_PAGE":"已經是最後一頁"},"SIGNIN":{"REG_TITLE":"註冊","REG_BTN":"創建賬號","REG_FIRST_NAME":"名稱","REG_FIRST_NAME_MSG":"請輸入名字","REG_LAST_NAME":"姓氏","REG_LAST_NAME_MSG":"請輸入姓氏","REG_COUNTRY":"國家/地區","REG_COUNTRY_MSG":"請選擇國家/地區","REG_PASSWORD_MSG":"請輸入8-16位字母數字組合的密碼","REG_USERNAME_TIP":"請輸入賬戶名或郵箱","REG_PASSWORD_CONFIRM_MSG":"請確認兩次密碼輸入一致","REG_USERNAME_MSG":"賬戶名應為8-40個字母或數字","REG_EMAIL_MSG":"請檢查電子郵箱的格式，且長度不能超過40個字符","REG_SUCCESS":"賬戶創建成功，可以登錄啦","TITLE":"登錄","LOGGING":"登錄中...","REGING":"正在創建帳戶...","LOGIN_FAILED":"登錄失敗","EMAIL":"郵箱","USERNAME":"帳戶名/郵箱","PASSWORD":"密碼","PASSWORD_CONFIRM":"確認密碼","PASSWORD_CONFIRM_FAILED":"確認密碼不一致","PASSWORD_ERR":"帳戶或密碼錯誤","VERIFY":"驗證碼","LOGIN_BTN":"登錄","LOGIN_AUTHORIZED":"第三方登錄","LOGIN_WECHAT":"用微信授權登錄","LOGIN_FACEBOOK":"用Facebook登錄","LOGIN_NOUSER":"創建帳戶","LOGIN_FORGET":"忘記密碼","AUTH_FIRST_TIP":"如果已有帳戶請選擇“綁定已有帳戶”，選擇“我是新用戶”將直接登錄","AUTH_BIND":"綁定已有帳戶","AUTH_LOGIN":"我是新用戶","AUTH_SUBMIT":"提交綁定","MOBILE":"手機號","LOGIN_VERIFY":"安全驗證","FORGET_TIP":"您可以在此找回忘記的密碼，請按照引導步驟完成密碼重設。","FORGET_NOUSERNAME":"此賬戶名無效","FORGET_PHONE_ERR":"此手機號無效","FORGET_EMAIL_ERR":"此郵箱無效","FORGET_INPUT_EMAIL":"輸入你綁定的郵箱接收驗證碼","FORGET_INPUT_PHONE":"輸入你綁定的手機接收驗證碼","FORGET_INPUT_CODE":"請輸入您收到的驗證碼","FORGET_RESET_PWD":"重置密碼","FORGET_RESET_OK":"密碼修改成功，請返回重新登錄","VERIFY_NOINFO_PHONE":"您的帳戶已開啟手機驗證，若您無法接收驗證碼或已更手機號，請聯系管理員","VERIFY_NOINFO_EMAIL":"您的帳戶已開啟郵箱驗證，若您無法接收驗證碼或已更換郵箱，請聯系管理員"},"WELCOME":{"REG_PROTOCAL":"創建賬戶即表示您同意我們的||服務條款||和||隱私政策","UPDATE_NEW":"有新版本","UPDATE_NEW_VERSION":"檢測到新版本，是否需要更新？","UPDATE_TIP":"正在下載更新({{num}}%)...","UPDATE_REBOOT":"請重新啟動APP","GUIDE_HELLO":"歡迎使用NexCloud","GUIDE_PAGE1":"NP系列產品為透明LED電子海報屏，應用於全球各種櫥窗廣告，針對中小商店和零售店窗戶廣告的新型一體機透明顯示屏方案。","GUIDE_PAGE2":"晴屏系列產品為玻璃透明LED 電子門頭屏應用于商業門頭、櫥窗、指路牌等領域，隨意拓展，安裝便捷。","GUIDE_CHECK_STATUS":"正在檢測網絡狀態","GUIDE_MODE_NEXESIGN":"NexEsign (門頭屏模式)","GUIDE_MODE_NEXPOSTER":"NexPoster (海報屏模式)","GUIDE_SETUP_MODE_MSG":"如果你不知道如何選擇，可任意選擇一個，今後還可以在[賬戶>設備]中切換","GUIDE_SETUP_MODE_TIP":"請選擇一個工作模式","GUIDE_SETUP_MODE":"選擇工作模式","GUIDE_SETUP_SKIP":"跳過引導","GUIDE_SETUP_NO":"以後配置 ","GUIDE_SETUP_YES":"立即配置","GUIDE_SETUP_TIP":"設備【{{name}}】為離線狀態，是否立即配置網絡？","GUIDE_START":"開始體驗吧","GUIDE_SCANQR":"點擊掃碼","GUIDE_PAGE3":"掃描設備二維碼，進入對應的工作界面","UPDATE_ERROR":"更新失敗，請稍後重試！"},"WALLET":{"RECORD_DETAIL_TITLE":"交易詳情","RECORD_DETAIL_NO":"訂單號","RECORD_DETAIL_DATE":"時間","RECORD_DETAIL_CURRENCY":"貨幣類型","RECORD_DETAIL_AMOUNT":"交易金額","RECORD_DETAIL_COINS":"交易金幣","RECORD_DETAIL_BALANCE":"錢包余額","RECORD_COINS":"幣"},"ORDER":{"TITLE":"我的訂單","TITLE_DETAIL":"訂單詳情","DETAIL_ORDER_CONFIRM1":"確認合格后本視頻將會拷貝到你的節目庫","DETAIL_ORDER_CONFIRM5":"確認合格定制內容將會拷貝到你的素材庫","DETAIL_ORDER_CONFIRM6":"確認合格訪圖片將會替換你的原圖","DETAIL_CONFIRM_TIP":"訂單確認完成！","DETAIL_CONFIRM_NOAMOUNT":"余額不足","DETAIL_CANCEL_TIP":"確定要取消 {{sn}} 訂單嗎？","DETAIL_MODIFY_MSG":"請輸入你的修改意見","CONFIRM_TITLE":"訂購確認","CONFIRM_ORDER_MSG":"請確認您購買的 {{orderItemsCount}}  項目，需要支付 {{orderAmount}}  N幣","ORDER_REMARK":"備注記錄","ORDER_NUMBER":"訂單號","ORDER_AMOUNT":"訂單金額","ORDER_TYPE":"訂單類型","ORDER_STATUS":"訂單狀態","ORDER_GOODS_DETAIL":"商品詳細","SUBMIT":"提交訂單","STATE_PENDING":"待付款","SUBMIT_PAY":"確認付款","STATE_PAID":"已付款","STATE_PUSH":"已上傳","STATE_SCANCEL":"已超時","STATE_UCANCEL":"已取消","STATE_REWORK":"修改中","STATE_REPUSH":"再次上傳","STATE_FINISH":"已完成","STATE_REFUND":"交易失敗","STATE_REINFO":"資料不符","STATE_START":"開始制作","BTN_CANCEL":"取消訂單","BTN_MODIFY":"修改訂單","BTN_REWORK":"修改意見","BTN_COMPLETE":"確認合格","ORDER_PAYED":"訂單支付成功，請等待設計師處理！","ORDER_EMPTY":"您還沒有訂單"},"GUIDE":{"PUBLIC_SLIDELEFT":"向左滑動可編輯或刪除該條數據","PUBLIC_MORE":"更多功能請點擊右上角按鈕","CONTENT_NEW":"點擊創建一個DIY節目試試吧","CONTENT_UPVIDEO":"點擊按鈕上傳一個視頻節目試試吧","PLAYLIST_SLIDELEFT":"向左滑動可複製或者刪除該節目, 滑動按鈕可上下排序","PLAYLIST_NEW":"該節目單還沒有節目，點擊加入節目","DEVICES_SLIDELEFT":"向左滑動可重命名該設備","DEVICES_NEW":"點擊按鈕掃碼添加新設備","EDITOR_ADDTEXT":"點擊按鈕添加文字到編輯器","EDITOR_ADDIMAGE":"點擊按鈕添加素材到編輯器","EDITOR_PLAY":"點擊播放按鈕預覽效果","EDITOR_END":"点击按钮在设备预览或保存DIY\t","EDITOR_PREVIEW":"發送到設備預覽","EDITOR_SAVE":"點擊按鈕保存DIY"},"TAB_ACCOUNT":"賬戶","COMP":{"CAL_WEEKS_START":"1","CAL_WEEKS_SU":"周日","CAL_WEEKS_MO":"週一","CAL_WEEKS_TU":"週二","CAL_WEEKS_WE":"週三","CAL_WEEKS_TH":"週四","CAL_WEEKS_FR":"週五","CAL_WEEKS_ST":"週六","CAL_MONTHS0":"一月","CAL_MONTHS1":"二月","CAL_MONTHS2":"三月","CAL_MONTHS3":"四月","CAL_MONTHS4":"五月","CAL_MONTHS5":"六月","CAL_MONTHS6":"七月","CAL_MONTHS7":"八月","CAL_MONTHS8":"九月","CAL_MONTHS9":"十月","CAL_MONTHS10":"十一月","CAL_MONTHS11":"十二月"},"HELLO":"hello","TAB_PUBLISH":"播放","TAB_CONTENT":"內容","TAB_STORE":"商店","TAB_EDITOR":"編輯器","EXIT_APP":"是否要退出APP？"}